problem,family,algorithm,trial,seed,budget,evaluations,best_value,runtime_seconds
Sphere,continuous,GA,1,2027,1000,1000,0.0069543947057735455,0.05614590000004682
Sphere,continuous,GA,2,2028,1000,1000,0.01946481039876255,0.05161820000012085
Sphere,continuous,GA,3,2029,1000,1000,0.011419653258149608,0.08176730000013777
Sphere,continuous,GA,4,2030,1000,1000,0.0038179567642067616,0.06254990000070393
Sphere,continuous,GA,5,2031,1000,1000,0.0033882448186543356,0.046313499999996566
Sphere,continuous,GA,6,2032,1000,1000,0.01731540609269989,0.050228600000082224
Sphere,continuous,GA,7,2033,1000,1000,0.03073412601357651,0.05161429999952816
Sphere,continuous,GA,8,2034,1000,1000,0.008756692300352021,0.04904759999953967
Sphere,continuous,GA,9,2035,1000,1000,0.022090448456715202,0.04287170000043261
Sphere,continuous,GA,10,2036,1000,1000,0.019238209247103476,0.053894900000159396
Sphere,continuous,GA,11,2037,1000,1000,0.008709922921955687,0.05611239999961981
Sphere,continuous,GA,12,2038,1000,1000,0.008685993448421891,0.04942250000021886
Sphere,continuous,GA,13,2039,1000,1000,0.005180684209227671,0.048568600000180595
Sphere,continuous,GA,14,2040,1000,1000,0.03263673080724419,0.04964000000018132
Sphere,continuous,GA,15,2041,1000,1000,0.010493127875908767,0.04474630000004254
Sphere,continuous,GA,16,2042,1000,1000,0.0158501660851715,0.05037040000024717
Sphere,continuous,GA,17,2043,1000,1000,0.0076067367263756595,0.04479589999937161
Sphere,continuous,GA,18,2044,1000,1000,0.006505524503999527,0.04409890000079031
Sphere,continuous,GA,19,2045,1000,1000,0.0383723546221531,0.04144969999924797
Sphere,continuous,GA,20,2046,1000,1000,0.04445193099753322,0.044588300000214076
Sphere,continuous,GA,21,2047,1000,1000,0.0197945947769119,0.045715900000686815
Sphere,continuous,GA,22,2048,1000,1000,0.020031611858043266,0.04226699999981065
Sphere,continuous,GA,23,2049,1000,1000,0.005663308267439756,0.047207600000547245
Sphere,continuous,GA,24,2050,1000,1000,0.0055207685867059274,0.055702300000120886
Sphere,continuous,GA,25,2051,1000,1000,0.01219250611365981,0.04332050000084564
Sphere,continuous,GA,26,2052,1000,1000,0.005372873719729633,0.08960830000069109
Sphere,continuous,GA,27,2053,1000,1000,0.03344377471751921,0.05354139999963081
Sphere,continuous,GA,28,2054,1000,1000,0.012303283178638841,0.04330579999987094
Sphere,continuous,GA,29,2055,1000,1000,0.0064930365138691085,0.0434413000002678
Sphere,continuous,GA,30,2056,1000,1000,0.0088840317363755,0.04628279999997176
Sphere,continuous,PSO,1,3027,1000,1000,0.05308382015597897,0.00550070000008418
Sphere,continuous,PSO,2,3028,1000,1000,0.08377002985442719,0.004211800000121002
Sphere,continuous,PSO,3,3029,1000,1000,0.036236525224094124,0.005719100000533217
Sphere,continuous,PSO,4,3030,1000,1000,0.21999224938961126,0.006044800000381656
Sphere,continuous,PSO,5,3031,1000,1000,0.10920603942767602,0.005595199999334
Sphere,continuous,PSO,6,3032,1000,1000,0.1584898656364656,0.005079700000351295
Sphere,continuous,PSO,7,3033,1000,1000,0.08157599922922903,0.004660599999624537
Sphere,continuous,PSO,8,3034,1000,1000,0.017325020615785943,0.004890299999715353
Sphere,continuous,PSO,9,3035,1000,1000,0.016574104999522048,0.0058214000000589294
Sphere,continuous,PSO,10,3036,1000,1000,0.2786187647386702,0.004448700000466488
Sphere,continuous,PSO,11,3037,1000,1000,0.05898930081370597,0.004995500000404718
Sphere,continuous,PSO,12,3038,1000,1000,0.026710973984674587,0.00447359999998298
Sphere,continuous,PSO,13,3039,1000,1000,0.07768130663241599,0.005130699999426724
Sphere,continuous,PSO,14,3040,1000,1000,0.20912638359944946,0.005627800000183925
Sphere,continuous,PSO,15,3041,1000,1000,0.15542980582973362,0.004885700000158977
Sphere,continuous,PSO,16,3042,1000,1000,0.16611288868462715,0.00477969999974448
Sphere,continuous,PSO,17,3043,1000,1000,0.036797828341344395,0.004673299999922165
Sphere,continuous,PSO,18,3044,1000,1000,0.039832489308506386,0.00436100000024453
Sphere,continuous,PSO,19,3045,1000,1000,0.06713480250481679,0.004602500000146392
Sphere,continuous,PSO,20,3046,1000,1000,0.0821920684153678,0.00481119999949442
Sphere,continuous,PSO,21,3047,1000,1000,0.08716942271092798,0.005525999999917985
Sphere,continuous,PSO,22,3048,1000,1000,0.04157629233436895,0.005209399999330344
Sphere,continuous,PSO,23,3049,1000,1000,0.08210419283706122,0.004950499999722524
Sphere,continuous,PSO,24,3050,1000,1000,0.06782538550131556,0.004724800000076357
Sphere,continuous,PSO,25,3051,1000,1000,0.041763325099938506,0.00517889999991894
Sphere,continuous,PSO,26,3052,1000,1000,0.09956785583869784,0.004672500000197033
Sphere,continuous,PSO,27,3053,1000,1000,0.03149252950311021,0.00456309999935911
Sphere,continuous,PSO,28,3054,1000,1000,0.1482518833602388,0.004412799999954586
Sphere,continuous,PSO,29,3055,1000,1000,0.03176562975998147,0.0052806000003329245
Sphere,continuous,PSO,30,3056,1000,1000,0.06294419254008138,0.005716800000300282
Sphere,continuous,DE,1,4027,1000,1000,3.387252010354938,0.0423731000000771
Sphere,continuous,DE,2,4028,1000,1000,1.4264713556131858,0.04211279999981343
Sphere,continuous,DE,3,4029,1000,1000,2.3129130783945318,0.04311810000035621
Sphere,continuous,DE,4,4030,1000,1000,2.592223355323432,0.049615900000389956
Sphere,continuous,DE,5,4031,1000,1000,0.6098903909159897,0.04188949999934266
Sphere,continuous,DE,6,4032,1000,1000,1.425983789511446,0.043615800000225136
Sphere,continuous,DE,7,4033,1000,1000,2.7106640197965395,0.04328110000005836
Sphere,continuous,DE,8,4034,1000,1000,3.9436487040854122,0.042678199999500066
Sphere,continuous,DE,9,4035,1000,1000,1.919308722761238,0.04465930000060325
Sphere,continuous,DE,10,4036,1000,1000,1.1383172831609674,0.04467970000041532
Sphere,continuous,DE,11,4037,1000,1000,1.527544966270678,0.040953499999886844
Sphere,continuous,DE,12,4038,1000,1000,0.9135496026054026,0.038533999999344815
Sphere,continuous,DE,13,4039,1000,1000,2.8085733071878147,0.0424817000002804
Sphere,continuous,DE,14,4040,1000,1000,1.7654381683375475,0.04260340000018914
Sphere,continuous,DE,15,4041,1000,1000,0.7721314584924277,0.038071599999966566
Sphere,continuous,DE,16,4042,1000,1000,2.2983649974878713,0.04343019999942044
Sphere,continuous,DE,17,4043,1000,1000,0.600015348153243,0.04646709999997256
Sphere,continuous,DE,18,4044,1000,1000,3.297029099815089,0.04257500000039727
Sphere,continuous,DE,19,4045,1000,1000,2.962967830510333,0.039720499999930325
Sphere,continuous,DE,20,4046,1000,1000,2.013112536757737,0.04447970000001078
Sphere,continuous,DE,21,4047,1000,1000,0.6830203797908553,0.04351150000002235
Sphere,continuous,DE,22,4048,1000,1000,1.5518604723772311,0.04443450000053417
Sphere,continuous,DE,23,4049,1000,1000,1.0423714212947162,0.04559789999984787
Sphere,continuous,DE,24,4050,1000,1000,2.9780927377150044,0.03582240000014281
Sphere,continuous,DE,25,4051,1000,1000,1.29664556368901,0.04467430000022432
Sphere,continuous,DE,26,4052,1000,1000,1.5272504767751722,0.044574999999895226
Sphere,continuous,DE,27,4053,1000,1000,2.575158802710713,0.044268300000112504
Sphere,continuous,DE,28,4054,1000,1000,1.4966429241828578,0.042800700000043435
Sphere,continuous,DE,29,4055,1000,1000,1.4596480664124267,0.05337439999948401
Sphere,continuous,DE,30,4056,1000,1000,2.0769168618161817,0.04395750000003318
Sphere,continuous,MonteCarlo,1,5027,1000,1000,10.863685427617163,0.01498139999966952
Sphere,continuous,MonteCarlo,2,5028,1000,1000,11.800274532413182,0.017065899999579415
Sphere,continuous,MonteCarlo,3,5029,1000,1000,10.200342196891732,0.01687820000006468
Sphere,continuous,MonteCarlo,4,5030,1000,1000,9.147824365493506,0.013963800000055926
Sphere,continuous,MonteCarlo,5,5031,1000,1000,6.551721139353124,0.015448400000423135
Sphere,continuous,MonteCarlo,6,5032,1000,1000,11.944619390910958,0.015160799999648589
Sphere,continuous,MonteCarlo,7,5033,1000,1000,13.40955717841775,0.01605120000021998
Sphere,continuous,MonteCarlo,8,5034,1000,1000,12.225905990758754,0.014590200000384357
Sphere,continuous,MonteCarlo,9,5035,1000,1000,9.701477115198527,0.016345600000022387
Sphere,continuous,MonteCarlo,10,5036,1000,1000,8.69729248434954,0.013970299999527924
Sphere,continuous,MonteCarlo,11,5037,1000,1000,10.12657775364019,0.01304930000060267
Sphere,continuous,MonteCarlo,12,5038,1000,1000,6.651645982045366,0.014630599999691185
Sphere,continuous,MonteCarlo,13,5039,1000,1000,8.173325384782842,0.013627700000142795
Sphere,continuous,MonteCarlo,14,5040,1000,1000,10.331451783387848,0.014555800000380259
Sphere,continuous,MonteCarlo,15,5041,1000,1000,13.117342300525953,0.020726599999761675
Sphere,continuous,MonteCarlo,16,5042,1000,1000,6.998723845402285,0.018362400000114576
Sphere,continuous,MonteCarlo,17,5043,1000,1000,10.680646305002885,0.01918440000008559
Sphere,continuous,MonteCarlo,18,5044,1000,1000,12.919209111816347,0.01754160000018601
Sphere,continuous,MonteCarlo,19,5045,1000,1000,11.745693218623703,0.020562700000482437
Sphere,continuous,MonteCarlo,20,5046,1000,1000,20.338908780697963,0.017438899999433488
Sphere,continuous,MonteCarlo,21,5047,1000,1000,8.407905186699674,0.018129499999304244
Sphere,continuous,MonteCarlo,22,5048,1000,1000,6.148004416397209,0.01936180000029708
Sphere,continuous,MonteCarlo,23,5049,1000,1000,9.268653827182876,0.01881000000048516
Sphere,continuous,MonteCarlo,24,5050,1000,1000,8.85684307356133,0.016697500000191212
Sphere,continuous,MonteCarlo,25,5051,1000,1000,15.119544630259751,0.021029399999861198
Sphere,continuous,MonteCarlo,26,5052,1000,1000,13.208809290499783,0.017835399999967194
Sphere,continuous,MonteCarlo,27,5053,1000,1000,5.382310967798251,0.018208299999969313
Sphere,continuous,MonteCarlo,28,5054,1000,1000,10.94719021274896,0.016704800000297837
Sphere,continuous,MonteCarlo,29,5055,1000,1000,14.890415909963348,0.016612500000519503
Sphere,continuous,MonteCarlo,30,5056,1000,1000,10.747021034033265,0.017065899999579415
Rastrigin,continuous,GA,1,12027,1000,1000,10.511980955105827,0.0713737999994919
Rastrigin,continuous,GA,2,12028,1000,1000,8.549983062431693,0.06295820000013919
Rastrigin,continuous,GA,3,12029,1000,1000,8.20816249544346,0.04980200000045443
Rastrigin,continuous,GA,4,12030,1000,1000,4.689031463635899,0.050847999999859894
Rastrigin,continuous,GA,5,12031,1000,1000,9.896673354845888,0.05073220000031142
Rastrigin,continuous,GA,6,12032,1000,1000,3.4298454778164853,0.049909399999705784
Rastrigin,continuous,GA,7,12033,1000,1000,14.487892661010108,0.052075600000534905
Rastrigin,continuous,GA,8,12034,1000,1000,8.65731406328888,0.05173449999983859
Rastrigin,continuous,GA,9,12035,1000,1000,6.605151806961317,0.04688660000010714
Rastrigin,continuous,GA,10,12036,1000,1000,9.848399924980399,0.04597560000001977
Rastrigin,continuous,GA,11,12037,1000,1000,9.639216047829706,0.046570499999688764
Rastrigin,continuous,GA,12,12038,1000,1000,11.263322199450712,0.04430489999958809
Rastrigin,continuous,GA,13,12039,1000,1000,16.669365862324817,0.046509400000104506
Rastrigin,continuous,GA,14,12040,1000,1000,10.224195379714516,0.05096679999951448
Rastrigin,continuous,GA,15,12041,1000,1000,6.913202822312371,0.0524251999995613
Rastrigin,continuous,GA,16,12042,1000,1000,6.985223653297595,0.049027400000341004
Rastrigin,continuous,GA,17,12043,1000,1000,4.767515728568597,0.05125109999971755
Rastrigin,continuous,GA,18,12044,1000,1000,6.32965343802141,0.051217600000200036
Rastrigin,continuous,GA,19,12045,1000,1000,7.195530536069043,0.08183569999982865
Rastrigin,continuous,GA,20,12046,1000,1000,12.166530763704259,0.09418720000030589
Rastrigin,continuous,GA,21,12047,1000,1000,8.402875217765967,0.160913900000196
Rastrigin,continuous,GA,22,12048,1000,1000,5.128597700084995,0.07255580000037298
Rastrigin,continuous,GA,23,12049,1000,1000,9.108471311465692,0.08932509999976901
Rastrigin,continuous,GA,24,12050,1000,1000,7.565671663364796,0.0977854999991905
Rastrigin,continuous,GA,25,12051,1000,1000,6.999441224334845,0.07882030000018858
Rastrigin,continuous,GA,26,12052,1000,1000,6.563977676093174,0.06716169999981503
Rastrigin,continuous,GA,27,12053,1000,1000,8.011332188106238,0.07742920000055165
Rastrigin,continuous,GA,28,12054,1000,1000,8.180151358471875,0.07173739999961981
Rastrigin,continuous,GA,29,12055,1000,1000,9.113700478620729,0.06974220000029163
Rastrigin,continuous,GA,30,12056,1000,1000,5.613435896470236,0.062038099999881524
Rastrigin,continuous,PSO,1,13027,1000,1000,14.494878776997638,0.008522899999661604
Rastrigin,continuous,PSO,2,13028,1000,1000,23.006960055805713,0.010654499999873224
Rastrigin,continuous,PSO,3,13029,1000,1000,25.27807384449018,0.00995379999949364
Rastrigin,continuous,PSO,4,13030,1000,1000,32.52036636422204,0.009640700000090874
Rastrigin,continuous,PSO,5,13031,1000,1000,34.40669542168371,0.010357099999964703
Rastrigin,continuous,PSO,6,13032,1000,1000,19.646040652331514,0.008669800000461692
Rastrigin,continuous,PSO,7,13033,1000,1000,36.020472947584615,0.009385700000166253
Rastrigin,continuous,PSO,8,13034,1000,1000,40.649989882267406,0.008607600000686944
Rastrigin,continuous,PSO,9,13035,1000,1000,35.99597253719428,0.007980599999427795
Rastrigin,continuous,PSO,10,13036,1000,1000,37.13549384736231,0.007929600000352366
Rastrigin,continuous,PSO,11,13037,1000,1000,37.15415645379565,0.010739100000137114
Rastrigin,continuous,PSO,12,13038,1000,1000,29.698368616330377,0.008321000000250933
Rastrigin,continuous,PSO,13,13039,1000,1000,34.10064157143405,0.008565200000703044
Rastrigin,continuous,PSO,14,13040,1000,1000,32.77003699646676,0.008030999999391497
Rastrigin,continuous,PSO,15,13041,1000,1000,24.955765204925584,0.008027500000025611
Rastrigin,continuous,PSO,16,13042,1000,1000,29.342511941876516,0.00798300000042218
Rastrigin,continuous,PSO,17,13043,1000,1000,26.64977070435345,0.012896799999907671
Rastrigin,continuous,PSO,18,13044,1000,1000,27.598003120416138,0.00807760000043345
Rastrigin,continuous,PSO,19,13045,1000,1000,20.942623034401564,0.007148800000322808
Rastrigin,continuous,PSO,20,13046,1000,1000,14.53648525577529,0.007695899999816902
Rastrigin,continuous,PSO,21,13047,1000,1000,27.89384804219641,0.0072791000002325745
Rastrigin,continuous,PSO,22,13048,1000,1000,32.655889523267305,0.00814509999963775
Rastrigin,continuous,PSO,23,13049,1000,1000,26.372003112065514,0.00812450000012177
Rastrigin,continuous,PSO,24,13050,1000,1000,20.75707682030483,0.007698999999774969
Rastrigin,continuous,PSO,25,13051,1000,1000,54.47070509032323,0.007257899999785877
Rastrigin,continuous,PSO,26,13052,1000,1000,47.28411448368233,0.009311000000707281
Rastrigin,continuous,PSO,27,13053,1000,1000,33.616906300600505,0.00929309999992256
Rastrigin,continuous,PSO,28,13054,1000,1000,21.396486471197896,0.008440000000518921
Rastrigin,continuous,PSO,29,13055,1000,1000,28.039116858852935,0.010535800000070594
Rastrigin,continuous,PSO,30,13056,1000,1000,36.57435155300901,0.03380550000019866
Rastrigin,continuous,DE,1,14027,1000,1000,47.55179906729644,0.06048290000035195
Rastrigin,continuous,DE,2,14028,1000,1000,60.25929690741438,0.08576590000029682
Rastrigin,continuous,DE,3,14029,1000,1000,54.91026631818893,0.07514389999960258
Rastrigin,continuous,DE,4,14030,1000,1000,33.257902683641575,0.057140699999763456
Rastrigin,continuous,DE,5,14031,1000,1000,40.29156523546077,0.04281460000038351
Rastrigin,continuous,DE,6,14032,1000,1000,49.58128402106046,0.04378530000030878
Rastrigin,continuous,DE,7,14033,1000,1000,50.66145361156798,0.04798610000034387
Rastrigin,continuous,DE,8,14034,1000,1000,41.15565239857154,0.052898500000083004
Rastrigin,continuous,DE,9,14035,1000,1000,55.86462682590863,0.0460640000001149
Rastrigin,continuous,DE,10,14036,1000,1000,48.181533690592715,0.0428143999997701
Rastrigin,continuous,DE,11,14037,1000,1000,39.82250098533271,0.0452010999997583
Rastrigin,continuous,DE,12,14038,1000,1000,53.960163302360144,0.04301039999973
Rastrigin,continuous,DE,13,14039,1000,1000,59.66164330361431,0.042598699999871315
Rastrigin,continuous,DE,14,14040,1000,1000,61.3651364337788,0.046414399999775924
Rastrigin,continuous,DE,15,14041,1000,1000,44.28300244477423,0.03952199999912409
Rastrigin,continuous,DE,16,14042,1000,1000,44.992475061165116,0.03715210000063962
Rastrigin,continuous,DE,17,14043,1000,1000,70.97427085798584,0.03956000000016502
Rastrigin,continuous,DE,18,14044,1000,1000,58.09029293790831,0.042787000000316766
Rastrigin,continuous,DE,19,14045,1000,1000,54.711660999160934,0.03706609999971988
Rastrigin,continuous,DE,20,14046,1000,1000,49.81711127285719,0.03902959999959421
Rastrigin,continuous,DE,21,14047,1000,1000,58.05986907398468,0.03735719999986031
Rastrigin,continuous,DE,22,14048,1000,1000,51.19535601209844,0.04799720000028174
Rastrigin,continuous,DE,23,14049,1000,1000,36.74909422613817,0.04400359999999637
Rastrigin,continuous,DE,24,14050,1000,1000,42.38497885436852,0.03904619999957504
Rastrigin,continuous,DE,25,14051,1000,1000,44.48335933790053,0.058544099999380705
Rastrigin,continuous,DE,26,14052,1000,1000,47.420636482511696,0.047255099999347294
Rastrigin,continuous,DE,27,14053,1000,1000,53.18248305994679,0.04414269999961107
Rastrigin,continuous,DE,28,14054,1000,1000,53.2314023541246,0.043298800000229676
Rastrigin,continuous,DE,29,14055,1000,1000,54.26211618625778,0.046110399999633955
Rastrigin,continuous,DE,30,14056,1000,1000,52.57973013430522,0.04790919999959442
Rastrigin,continuous,MonteCarlo,1,15027,1000,1000,60.52419069029851,0.020774200000232668
Rastrigin,continuous,MonteCarlo,2,15028,1000,1000,58.806988666559405,0.02112810000016907
Rastrigin,continuous,MonteCarlo,3,15029,1000,1000,39.72206200482252,0.024311000000125205
Rastrigin,continuous,MonteCarlo,4,15030,1000,1000,69.40979312510396,0.0344344999994064
Rastrigin,continuous,MonteCarlo,5,15031,1000,1000,64.11643022880436,0.023443699999916134
Rastrigin,continuous,MonteCarlo,6,15032,1000,1000,66.02717187881349,0.02298479999990377
Rastrigin,continuous,MonteCarlo,7,15033,1000,1000,41.468930920358474,0.019482499999867287
Rastrigin,continuous,MonteCarlo,8,15034,1000,1000,66.18922427869472,0.020401600000695908
Rastrigin,continuous,MonteCarlo,9,15035,1000,1000,64.24021035260512,0.021041599999989558
Rastrigin,continuous,MonteCarlo,10,15036,1000,1000,51.73807856244999,0.05855680000058783
Rastrigin,continuous,MonteCarlo,11,15037,1000,1000,63.27855899616068,0.03745009999965987
Rastrigin,continuous,MonteCarlo,12,15038,1000,1000,62.907071239203916,0.04860740000003716
Rastrigin,continuous,MonteCarlo,13,15039,1000,1000,62.72277908036092,0.031040099999700033
Rastrigin,continuous,MonteCarlo,14,15040,1000,1000,53.98306490110144,0.0407271000003675
Rastrigin,continuous,MonteCarlo,15,15041,1000,1000,63.70511939461838,0.030767700000069453
Rastrigin,continuous,MonteCarlo,16,15042,1000,1000,63.355040414325096,0.031672499999331194
Rastrigin,continuous,MonteCarlo,17,15043,1000,1000,55.64050246541888,0.03379599999971106
Rastrigin,continuous,MonteCarlo,18,15044,1000,1000,42.33298005525186,0.03262119999999413
Rastrigin,continuous,MonteCarlo,19,15045,1000,1000,56.62964531163897,0.0313427999999476
Rastrigin,continuous,MonteCarlo,20,15046,1000,1000,51.94945580236214,0.03369990000010148
Rastrigin,continuous,MonteCarlo,21,15047,1000,1000,72.84018572332107,0.05374329999995098
Rastrigin,continuous,MonteCarlo,22,15048,1000,1000,68.3071145150086,0.024241600000095787
Rastrigin,continuous,MonteCarlo,23,15049,1000,1000,44.314249389996796,0.02410200000031182
Rastrigin,continuous,MonteCarlo,24,15050,1000,1000,63.24029044892194,0.022977200000241282
Rastrigin,continuous,MonteCarlo,25,15051,1000,1000,66.21622710529667,0.02187179999964428
Rastrigin,continuous,MonteCarlo,26,15052,1000,1000,47.74264922099217,0.019078100000115228
Rastrigin,continuous,MonteCarlo,27,15053,1000,1000,62.71052892511737,0.019211400000131107
Rastrigin,continuous,MonteCarlo,28,15054,1000,1000,55.37632810437907,0.01844589999927848
Rastrigin,continuous,MonteCarlo,29,15055,1000,1000,53.85111344427168,0.018118500000127824
Rastrigin,continuous,MonteCarlo,30,15056,1000,1000,65.3272152016677,0.017349499999909312
Rosenbrock,continuous,GA,1,22027,1000,1000,8.260576439928926,0.051303700000062236
Rosenbrock,continuous,GA,2,22028,1000,1000,6.230774922928329,0.052565900000445254
Rosenbrock,continuous,GA,3,22029,1000,1000,6.970780431925232,0.09649559999979829
Rosenbrock,continuous,GA,4,22030,1000,1000,8.764771551087193,0.09787969999979396
Rosenbrock,continuous,GA,5,22031,1000,1000,3.9230404851787113,0.05897430000004533
Rosenbrock,continuous,GA,6,22032,1000,1000,4.940181183862147,0.051833600000463775
Rosenbrock,continuous,GA,7,22033,1000,1000,9.092619868208894,0.05149210000035964
Rosenbrock,continuous,GA,8,22034,1000,1000,7.867673559949265,0.044199200000548444
Rosenbrock,continuous,GA,9,22035,1000,1000,8.040468076131747,0.0422484999999142
Rosenbrock,continuous,GA,10,22036,1000,1000,7.400857869637896,0.0415249000006952
Rosenbrock,continuous,GA,11,22037,1000,1000,5.619139568115852,0.041898499999661
Rosenbrock,continuous,GA,12,22038,1000,1000,8.343206259216078,0.06297459999950661
Rosenbrock,continuous,GA,13,22039,1000,1000,7.248161744056611,0.047928800000590854
Rosenbrock,continuous,GA,14,22040,1000,1000,8.233408052423057,0.04454410000016651
Rosenbrock,continuous,GA,15,22041,1000,1000,12.63104203869299,0.04193639999994048
Rosenbrock,continuous,GA,16,22042,1000,1000,4.100252580653357,0.04781050000019604
Rosenbrock,continuous,GA,17,22043,1000,1000,7.07935660999197,0.057005100000424136
Rosenbrock,continuous,GA,18,22044,1000,1000,6.888028412896278,0.053304600000046776
Rosenbrock,continuous,GA,19,22045,1000,1000,6.882586011160302,0.04696550000062416
Rosenbrock,continuous,GA,20,22046,1000,1000,7.931598956127196,0.04966430000058608
Rosenbrock,continuous,GA,21,22047,1000,1000,6.664821890097217,0.04949670000041806
Rosenbrock,continuous,GA,22,22048,1000,1000,6.446469630589615,0.04395289999956731
Rosenbrock,continuous,GA,23,22049,1000,1000,7.928576055378785,0.051570300000093994
Rosenbrock,continuous,GA,24,22050,1000,1000,6.699756279015328,0.04972070000076201
Rosenbrock,continuous,GA,25,22051,1000,1000,3.3817167270224155,0.05129739999938465
Rosenbrock,continuous,GA,26,22052,1000,1000,3.978915619447478,0.04811630000040168
Rosenbrock,continuous,GA,27,22053,1000,1000,8.155582237538903,0.05090760000075534
Rosenbrock,continuous,GA,28,22054,1000,1000,6.685622470239158,0.04924879999998666
Rosenbrock,continuous,GA,29,22055,1000,1000,16.84500686116762,0.051681599999938044
Rosenbrock,continuous,GA,30,22056,1000,1000,5.7841241877612175,0.04872330000034708
Rosenbrock,continuous,PSO,1,23027,1000,1000,13.538397022972791,0.010726900000008754
Rosenbrock,continuous,PSO,2,23028,1000,1000,7.395573183583457,0.010066900000310852
Rosenbrock,continuous,PSO,3,23029,1000,1000,53.940617289814924,0.010416299999633338
Rosenbrock,continuous,PSO,4,23030,1000,1000,8.931489179204846,0.011099699999249424
Rosenbrock,continuous,PSO,5,23031,1000,1000,12.399823004271902,0.011228299999856972
Rosenbrock,continuous,PSO,6,23032,1000,1000,89.13692080727131,0.010459200000696
Rosenbrock,continuous,PSO,7,23033,1000,1000,26.348945988933295,0.010840599999937695
Rosenbrock,continuous,PSO,8,23034,1000,1000,13.795938318489693,0.010178000000450993
Rosenbrock,continuous,PSO,9,23035,1000,1000,7.87857600443927,0.011805099999946833
Rosenbrock,continuous,PSO,10,23036,1000,1000,9.168818827438091,0.010029000000031374
Rosenbrock,continuous,PSO,11,23037,1000,1000,9.550434628473527,0.010319699999854492
Rosenbrock,continuous,PSO,12,23038,1000,1000,14.9008833182106,0.009781300000213378
Rosenbrock,continuous,PSO,13,23039,1000,1000,9.483897050525831,0.010593400000288966
Rosenbrock,continuous,PSO,14,23040,1000,1000,11.630829678756914,0.009759899999153276
Rosenbrock,continuous,PSO,15,23041,1000,1000,10.796810453602937,0.009716100000332517
Rosenbrock,continuous,PSO,16,23042,1000,1000,8.689544441247323,0.009982399999898917
Rosenbrock,continuous,PSO,17,23043,1000,1000,153.8330790596037,0.011613899999247224
Rosenbrock,continuous,PSO,18,23044,1000,1000,3.8365218745929903,0.010478500000317581
Rosenbrock,continuous,PSO,19,23045,1000,1000,8.969011989765068,0.010264300000017101
Rosenbrock,continuous,PSO,20,23046,1000,1000,85.02538123772271,0.011213599999791768
Rosenbrock,continuous,PSO,21,23047,1000,1000,7.982044323067614,0.010721100000409933
Rosenbrock,continuous,PSO,22,23048,1000,1000,18.335212490543963,0.011660699999993085
Rosenbrock,continuous,PSO,23,23049,1000,1000,42.34600277019985,0.010302199999387085
Rosenbrock,continuous,PSO,24,23050,1000,1000,6.424024158859373,0.010692400000152702
Rosenbrock,continuous,PSO,25,23051,1000,1000,45.22441602870328,0.010724700000537268
Rosenbrock,continuous,PSO,26,23052,1000,1000,6.736383788805822,0.012004700000034063
Rosenbrock,continuous,PSO,27,23053,1000,1000,11.289449172942863,0.010636500000146043
Rosenbrock,continuous,PSO,28,23054,1000,1000,5.4439353561032116,0.010965299999952549
Rosenbrock,continuous,PSO,29,23055,1000,1000,8.390741360996184,0.010094399999616144
Rosenbrock,continuous,PSO,30,23056,1000,1000,8.422852433045113,0.010573600000498118
Rosenbrock,continuous,DE,1,24027,1000,1000,53.54293575505051,0.04443050000008952
Rosenbrock,continuous,DE,2,24028,1000,1000,106.11685105212696,0.051292900000589725
Rosenbrock,continuous,DE,3,24029,1000,1000,78.15195095757637,0.04449720000047819
Rosenbrock,continuous,DE,4,24030,1000,1000,52.92222357424156,0.05932039999970584
Rosenbrock,continuous,DE,5,24031,1000,1000,24.622483443748255,0.07892709999941872
Rosenbrock,continuous,DE,6,24032,1000,1000,44.63892883435963,0.059814100000039616
Rosenbrock,continuous,DE,7,24033,1000,1000,35.00829359111206,0.056510500000513275
Rosenbrock,continuous,DE,8,24034,1000,1000,37.647423345856836,0.057981500000096275
Rosenbrock,continuous,DE,9,24035,1000,1000,73.83236328484175,0.059241900000415626
Rosenbrock,continuous,DE,10,24036,1000,1000,168.1432426964919,0.06248250000044209
Rosenbrock,continuous,DE,11,24037,1000,1000,62.71517350407427,0.058239400000275054
Rosenbrock,continuous,DE,12,24038,1000,1000,166.86907927624532,0.05663110000023153
Rosenbrock,continuous,DE,13,24039,1000,1000,64.29108310466364,0.05769899999995687
Rosenbrock,continuous,DE,14,24040,1000,1000,110.59055990397135,0.0597819000004165
Rosenbrock,continuous,DE,15,24041,1000,1000,84.01719590934067,0.08384190000015224
Rosenbrock,continuous,DE,16,24042,1000,1000,120.64550438510896,0.09100880000005418
Rosenbrock,continuous,DE,17,24043,1000,1000,66.90078027314901,0.08513519999996788
Rosenbrock,continuous,DE,18,24044,1000,1000,76.2129950870571,0.07121989999996003
Rosenbrock,continuous,DE,19,24045,1000,1000,59.03570773335184,0.08597329999975045
Rosenbrock,continuous,DE,20,24046,1000,1000,96.61080382976846,0.09436819999973522
Rosenbrock,continuous,DE,21,24047,1000,1000,71.10936792414742,0.08813310000005004
Rosenbrock,continuous,DE,22,24048,1000,1000,108.3568703225174,0.0865603000002011
Rosenbrock,continuous,DE,23,24049,1000,1000,65.32340027735378,0.11397030000080122
Rosenbrock,continuous,DE,24,24050,1000,1000,108.60296791024369,0.1007830999997168
Rosenbrock,continuous,DE,25,24051,1000,1000,38.10174106203139,0.07301929999994172
Rosenbrock,continuous,DE,26,24052,1000,1000,124.57229518034899,0.051069500000267
Rosenbrock,continuous,DE,27,24053,1000,1000,158.59878949636408,0.05036259999997128
Rosenbrock,continuous,DE,28,24054,1000,1000,75.1326270511845,0.045229899999867484
Rosenbrock,continuous,DE,29,24055,1000,1000,65.38067600787592,0.0557318999999552
Rosenbrock,continuous,DE,30,24056,1000,1000,60.92983039731546,0.05521729999964009
Rosenbrock,continuous,MonteCarlo,1,25027,1000,1000,855.8120752493965,0.02623169999969832
Rosenbrock,continuous,MonteCarlo,2,25028,1000,1000,707.8540044951055,0.02617279999958555
Rosenbrock,continuous,MonteCarlo,3,25029,1000,1000,593.4069098942228,0.028379100000165636
Rosenbrock,continuous,MonteCarlo,4,25030,1000,1000,555.8037030529846,0.027670999999827472
Rosenbrock,continuous,MonteCarlo,5,25031,1000,1000,333.37439382822106,0.029512899999645015
Rosenbrock,continuous,MonteCarlo,6,25032,1000,1000,554.6531032922923,0.03156589999980497
Rosenbrock,continuous,MonteCarlo,7,25033,1000,1000,867.2945730379386,0.031133999999838124
Rosenbrock,continuous,MonteCarlo,8,25034,1000,1000,471.03054984437864,0.02915020000000368
Rosenbrock,continuous,MonteCarlo,9,25035,1000,1000,590.7310400277182,0.026115199999367178
Rosenbrock,continuous,MonteCarlo,10,25036,1000,1000,579.5380172969424,0.029845299999578856
Rosenbrock,continuous,MonteCarlo,11,25037,1000,1000,434.6694320932069,0.0262962000006155
Rosenbrock,continuous,MonteCarlo,12,25038,1000,1000,554.482833875711,0.02750460000061139
Rosenbrock,continuous,MonteCarlo,13,25039,1000,1000,220.89284275575628,0.029520699999920907
Rosenbrock,continuous,MonteCarlo,14,25040,1000,1000,318.68870313461355,0.02602350000051956
Rosenbrock,continuous,MonteCarlo,15,25041,1000,1000,243.35579575288912,0.026197400000455673
Rosenbrock,continuous,MonteCarlo,16,25042,1000,1000,462.69306812111654,0.02602400000068883
Rosenbrock,continuous,MonteCarlo,17,25043,1000,1000,355.415653720898,0.027885299999979907
Rosenbrock,continuous,MonteCarlo,18,25044,1000,1000,791.374797353305,0.026036199999907694
Rosenbrock,continuous,MonteCarlo,19,25045,1000,1000,813.109983969788,0.03365210000083607
Rosenbrock,continuous,MonteCarlo,20,25046,1000,1000,582.4512157146343,0.04051729999991949
Rosenbrock,continuous,MonteCarlo,21,25047,1000,1000,488.7129392615977,0.02946830000018963
Rosenbrock,continuous,MonteCarlo,22,25048,1000,1000,829.3959752242303,0.032057000000349944
Rosenbrock,continuous,MonteCarlo,23,25049,1000,1000,517.2647264230632,0.033280800000284216
Rosenbrock,continuous,MonteCarlo,24,25050,1000,1000,451.9917305278559,0.025914100000591134
Rosenbrock,continuous,MonteCarlo,25,25051,1000,1000,377.04946512657784,0.02757689999998547
Rosenbrock,continuous,MonteCarlo,26,25052,1000,1000,455.2092701966832,0.027805299999272393
Rosenbrock,continuous,MonteCarlo,27,25053,1000,1000,639.3970723399104,0.0263199999999415
Rosenbrock,continuous,MonteCarlo,28,25054,1000,1000,386.84310847597015,0.026615099999617087
Rosenbrock,continuous,MonteCarlo,29,25055,1000,1000,372.08365396351263,0.024195500000132597
Rosenbrock,continuous,MonteCarlo,30,25056,1000,1000,428.2842453946645,0.02227709999988292
Ackley,continuous,GA,1,32027,1000,1000,2.1271867223974295,0.05471119999947405
Ackley,continuous,GA,2,32028,1000,1000,2.275049584228992,0.06811980000020412
Ackley,continuous,GA,3,32029,1000,1000,2.278404396612196,0.07213509999928647
Ackley,continuous,GA,4,32030,1000,1000,1.04124470646908,0.06254360000002634
Ackley,continuous,GA,5,32031,1000,1000,2.7460354150236417,0.06001490000016929
Ackley,continuous,GA,6,32032,1000,1000,2.386866775103709,0.06639139999970212
Ackley,continuous,GA,7,32033,1000,1000,2.179501583249554,0.06896109999979672
Ackley,continuous,GA,8,32034,1000,1000,2.4102553698769573,0.07249509999928705
Ackley,continuous,GA,9,32035,1000,1000,2.244398320294899,0.06117809999977908
Ackley,continuous,GA,10,32036,1000,1000,2.4635994669633487,0.058451200000490644
Ackley,continuous,GA,11,32037,1000,1000,2.171763234266081,0.10381110000071203
Ackley,continuous,GA,12,32038,1000,1000,2.7827165941820664,0.09388630000012199
Ackley,continuous,GA,13,32039,1000,1000,2.1429585324805918,0.11109440000018367
Ackley,continuous,GA,14,32040,1000,1000,2.1266989347978016,0.10428739999952086
Ackley,continuous,GA,15,32041,1000,1000,2.6276189527625466,0.1202595000004294
Ackley,continuous,GA,16,32042,1000,1000,1.5825082046491556,0.09674949999953242
Ackley,continuous,GA,17,32043,1000,1000,1.7166088886182007,0.10946770000009565
Ackley,continuous,GA,18,32044,1000,1000,2.6794110616322873,0.08915510000042559
Ackley,continuous,GA,19,32045,1000,1000,2.0054398241800944,0.07203250000020489
Ackley,continuous,GA,20,32046,1000,1000,2.1313485772638043,0.07610469999963243
Ackley,continuous,GA,21,32047,1000,1000,2.6708633500580814,0.06524160000026313
Ackley,continuous,GA,22,32048,1000,1000,2.0473165264098587,0.10679629999958706
Ackley,continuous,GA,23,32049,1000,1000,3.1583140392644045,0.09716239999943355
Ackley,continuous,GA,24,32050,1000,1000,2.685943575821892,0.09120379999967554
Ackley,continuous,GA,25,32051,1000,1000,2.5347151542233566,0.07448399999975663
Ackley,continuous,GA,26,32052,1000,1000,2.7598216660843566,0.07414399999925081
Ackley,continuous,GA,27,32053,1000,1000,1.9771371829577942,0.10520240000005288
Ackley,continuous,GA,28,32054,1000,1000,2.94194683628162,0.09349549999933515
Ackley,continuous,GA,29,32055,1000,1000,1.1585435155921258,0.08353379999971366
Ackley,continuous,GA,30,32056,1000,1000,2.7963745066533545,0.07968110000001616
Ackley,continuous,PSO,1,33027,1000,1000,3.6042205950084285,0.017077399999834597
Ackley,continuous,PSO,2,33028,1000,1000,3.3131173936926044,0.017038499999216583
Ackley,continuous,PSO,3,33029,1000,1000,4.371416027266932,0.015701199999966775
Ackley,continuous,PSO,4,33030,1000,1000,5.265636874921249,0.016916000000492204
Ackley,continuous,PSO,5,33031,1000,1000,3.0173991732467305,0.01956719999998313
Ackley,continuous,PSO,6,33032,1000,1000,3.5909562608701795,0.017036499999449006
Ackley,continuous,PSO,7,33033,1000,1000,4.062487986161074,0.015828200000214565
Ackley,continuous,PSO,8,33034,1000,1000,4.037171487246873,0.016991699999380216
Ackley,continuous,PSO,9,33035,1000,1000,2.9768144752295638,0.016562299999350216
Ackley,continuous,PSO,10,33036,1000,1000,4.1286759938192645,0.016650200000185578
Ackley,continuous,PSO,11,33037,1000,1000,4.546142818645766,0.016763499999797205
Ackley,continuous,PSO,12,33038,1000,1000,2.5262913929257143,0.01615959999980987
Ackley,continuous,PSO,13,33039,1000,1000,3.228979657526033,0.015372599999864178
Ackley,continuous,PSO,14,33040,1000,1000,4.997031869685269,0.016303200000038487
Ackley,continuous,PSO,15,33041,1000,1000,3.9306377414282427,0.018019500000264088
Ackley,continuous,PSO,16,33042,1000,1000,4.902904691871562,0.016721299999517214
Ackley,continuous,PSO,17,33043,1000,1000,5.747427688246642,0.01760259999991831
Ackley,continuous,PSO,18,33044,1000,1000,3.2029803763176017,0.016834099999869068
Ackley,continuous,PSO,19,33045,1000,1000,4.236621154502629,0.01730310000039026
Ackley,continuous,PSO,20,33046,1000,1000,4.131331382765801,0.016129699999510194
Ackley,continuous,PSO,21,33047,1000,1000,3.3299366760780313,0.015969099999892933
Ackley,continuous,PSO,22,33048,1000,1000,3.8488863383038177,0.01590219999980036
Ackley,continuous,PSO,23,33049,1000,1000,4.175504736791876,0.013245199999801116
Ackley,continuous,PSO,24,33050,1000,1000,4.939928681019055,0.014109899999311892
Ackley,continuous,PSO,25,33051,1000,1000,5.149357430681473,0.01719130000037694
Ackley,continuous,PSO,26,33052,1000,1000,4.568637176714546,0.016070599999693513
Ackley,continuous,PSO,27,33053,1000,1000,3.3256196531007025,0.02181670000027225
Ackley,continuous,PSO,28,33054,1000,1000,4.283481686411218,0.016604399999778252
Ackley,continuous,PSO,29,33055,1000,1000,4.16276424322049,0.01596510000035778
Ackley,continuous,PSO,30,33056,1000,1000,3.5706907963798895,0.016178500000023632
Ackley,continuous,DE,1,34027,1000,1000,13.448209898361938,0.06959439999991446
Ackley,continuous,DE,2,34028,1000,1000,11.159995614096644,0.07719830000041839
Ackley,continuous,DE,3,34029,1000,1000,11.794177468268344,0.061073400000168476
Ackley,continuous,DE,4,34030,1000,1000,10.322963642911432,0.07614170000033482
Ackley,continuous,DE,5,34031,1000,1000,12.620299235437484,0.10010039999997389
Ackley,continuous,DE,6,34032,1000,1000,11.387536811109024,0.07984090000081778
Ackley,continuous,DE,7,34033,1000,1000,11.158284733219158,0.06571569999960047
Ackley,continuous,DE,8,34034,1000,1000,7.850282290995352,0.06325860000015382
Ackley,continuous,DE,9,34035,1000,1000,11.623941152896338,0.06014140000024781
Ackley,continuous,DE,10,34036,1000,1000,9.688364206915743,0.0606593000002249
Ackley,continuous,DE,11,34037,1000,1000,11.487572970939134,0.05987009999989823
Ackley,continuous,DE,12,34038,1000,1000,9.757739225333957,0.05836679999993066
Ackley,continuous,DE,13,34039,1000,1000,11.67804065065733,0.05333119999977498
Ackley,continuous,DE,14,34040,1000,1000,12.66521664716123,0.07939230000010866
Ackley,continuous,DE,15,34041,1000,1000,10.554171871736454,0.07867219999934605
Ackley,continuous,DE,16,34042,1000,1000,6.379861730506896,0.059173099999497936
Ackley,continuous,DE,17,34043,1000,1000,7.714424633701771,0.059526300000470656
Ackley,continuous,DE,18,34044,1000,1000,9.52239817708048,0.060729199999514094
Ackley,continuous,DE,19,34045,1000,1000,10.158541262017303,0.0524120000000039
Ackley,continuous,DE,20,34046,1000,1000,10.374910680195724,0.05701500000031956
Ackley,continuous,DE,21,34047,1000,1000,11.147816993187355,0.0642480999995314
Ackley,continuous,DE,22,34048,1000,1000,12.32375972635541,0.05560929999955988
Ackley,continuous,DE,23,34049,1000,1000,13.5784693532413,0.06653389999974024
Ackley,continuous,DE,24,34050,1000,1000,11.697499230781203,0.05439010000009148
Ackley,continuous,DE,25,34051,1000,1000,12.098042443001917,0.0576005000002624
Ackley,continuous,DE,26,34052,1000,1000,11.718972997399154,0.056878499999584164
Ackley,continuous,DE,27,34053,1000,1000,13.711365043356192,0.04656720000002679
Ackley,continuous,DE,28,34054,1000,1000,11.429834502483224,0.04858830000011949
Ackley,continuous,DE,29,34055,1000,1000,9.569939672718263,0.04845309999927849
Ackley,continuous,DE,30,34056,1000,1000,13.00223728980838,0.04759429999921849
Ackley,continuous,MonteCarlo,1,35027,1000,1000,17.959436728515268,0.023526300000412448
Ackley,continuous,MonteCarlo,2,35028,1000,1000,16.965608555966064,0.022735199999260658
Ackley,continuous,MonteCarlo,3,35029,1000,1000,18.48334184776438,0.021930799999609008
Ackley,continuous,MonteCarlo,4,35030,1000,1000,18.410454427072676,0.021767499999441497
Ackley,continuous,MonteCarlo,5,35031,1000,1000,18.38994165589498,0.023000000000138243
Ackley,continuous,MonteCarlo,6,35032,1000,1000,17.5215880001774,0.02918870000030438
Ackley,continuous,MonteCarlo,7,35033,1000,1000,17.096215288524096,0.022278000000369502
Ackley,continuous,MonteCarlo,8,35034,1000,1000,18.904600867036645,0.025397399999746995
Ackley,continuous,MonteCarlo,9,35035,1000,1000,17.56967510522259,0.025382900000295194
Ackley,continuous,MonteCarlo,10,35036,1000,1000,18.01914803035935,0.02192879999984143
Ackley,continuous,MonteCarlo,11,35037,1000,1000,18.187852555207193,0.02105070000015985
Ackley,continuous,MonteCarlo,12,35038,1000,1000,18.465181513350085,0.03345950000039011
Ackley,continuous,MonteCarlo,13,35039,1000,1000,17.17631973678643,0.03437149999990652
Ackley,continuous,MonteCarlo,14,35040,1000,1000,16.783941974210638,0.021508400000129768
Ackley,continuous,MonteCarlo,15,35041,1000,1000,18.432067630037515,0.020915799999784213
Ackley,continuous,MonteCarlo,16,35042,1000,1000,17.305917272749348,0.02514160000009724
Ackley,continuous,MonteCarlo,17,35043,1000,1000,17.733701910845898,0.026182900000094378
Ackley,continuous,MonteCarlo,18,35044,1000,1000,17.679797452975606,0.029870800000026065
Ackley,continuous,MonteCarlo,19,35045,1000,1000,16.063783972717875,0.026451300000189804
Ackley,continuous,MonteCarlo,20,35046,1000,1000,18.017905087955313,0.02967160000025615
Ackley,continuous,MonteCarlo,21,35047,1000,1000,17.327745143011953,0.02802849999989121
Ackley,continuous,MonteCarlo,22,35048,1000,1000,18.99697051287303,0.03195330000016838
Ackley,continuous,MonteCarlo,23,35049,1000,1000,18.121670033755542,0.030023999999684747
Ackley,continuous,MonteCarlo,24,35050,1000,1000,18.107882507684106,0.033375599999999395
Ackley,continuous,MonteCarlo,25,35051,1000,1000,17.763418431130784,0.030868400000144902
Ackley,continuous,MonteCarlo,26,35052,1000,1000,15.466760613930582,0.028612799999791605
Ackley,continuous,MonteCarlo,27,35053,1000,1000,17.266361786516516,0.030410300000767165
Ackley,continuous,MonteCarlo,28,35054,1000,1000,14.360245475778633,0.03542650000053982
Ackley,continuous,MonteCarlo,29,35055,1000,1000,17.245834505034512,0.03140209999946819
Ackley,continuous,MonteCarlo,30,35056,1000,1000,17.471848845184752,0.03428600000006554
Griewank,continuous,GA,1,42027,1000,1000,0.37757966425898837,0.0673200999999608
Griewank,continuous,GA,2,42028,1000,1000,0.4179683714814275,0.06560820000049716
Griewank,continuous,GA,3,42029,1000,1000,0.5263496388395129,0.0655774000006204
Griewank,continuous,GA,4,42030,1000,1000,0.3784150248806254,0.06758139999965351
Griewank,continuous,GA,5,42031,1000,1000,0.269917854452714,0.06611059999977442
Griewank,continuous,GA,6,42032,1000,1000,0.4429987612153401,0.06754519999958575
Griewank,continuous,GA,7,42033,1000,1000,0.30543970082081273,0.07056389999979729
Griewank,continuous,GA,8,42034,1000,1000,0.2817124126042313,0.06527220000043599
Griewank,continuous,GA,9,42035,1000,1000,0.3757203892117068,0.05439829999977519
Griewank,continuous,GA,10,42036,1000,1000,0.3336563582824875,0.055280499999753374
Griewank,continuous,GA,11,42037,1000,1000,0.3782653839202006,0.05550129999937781
Griewank,continuous,GA,12,42038,1000,1000,0.3108622660116702,0.07061260000045877
Griewank,continuous,GA,13,42039,1000,1000,0.3350157679262288,0.0708848999993279
Griewank,continuous,GA,14,42040,1000,1000,0.36063061870372826,0.07264850000046863
Griewank,continuous,GA,15,42041,1000,1000,0.36769542301434344,0.06426599999940663
Griewank,continuous,GA,16,42042,1000,1000,0.3623530146112519,0.0640901999995549
Griewank,continuous,GA,17,42043,1000,1000,0.24192946110263458,0.06308330000047135
Griewank,continuous,GA,18,42044,1000,1000,0.47354369233090343,0.06358780000027764
Griewank,continuous,GA,19,42045,1000,1000,0.3542996376311236,0.05618950000007317
Griewank,continuous,GA,20,42046,1000,1000,0.4759735842288213,0.047957799999494455
Griewank,continuous,GA,21,42047,1000,1000,0.5469875329115181,0.0495189000002938
Griewank,continuous,GA,22,42048,1000,1000,0.45283248103431617,0.046730099999876984
Griewank,continuous,GA,23,42049,1000,1000,0.5055063457863374,0.060231499999645166
Griewank,continuous,GA,24,42050,1000,1000,0.5322916524903545,0.08665780000046652
Griewank,continuous,GA,25,42051,1000,1000,0.5606376103200892,0.08062609999979031
Griewank,continuous,GA,26,42052,1000,1000,0.23663566123136548,0.06612919999952283
Griewank,continuous,GA,27,42053,1000,1000,0.22779241372914016,0.061970499999915774
Griewank,continuous,GA,28,42054,1000,1000,0.35540305355309243,0.05797720000009576
Griewank,continuous,GA,29,42055,1000,1000,0.449550811464966,0.05857620000006136
Griewank,continuous,GA,30,42056,1000,1000,0.5981237649065012,0.055679399999462476
Griewank,continuous,PSO,1,43027,1000,1000,0.7631256752651061,0.012568299999657029
Griewank,continuous,PSO,2,43028,1000,1000,0.44825072884265105,0.01253270000051998
Griewank,continuous,PSO,3,43029,1000,1000,0.8253310308097421,0.010387399999672198
Griewank,continuous,PSO,4,43030,1000,1000,0.8453056082484138,0.010438199999953213
Griewank,continuous,PSO,5,43031,1000,1000,1.0214332107688167,0.012020300000585848
Griewank,continuous,PSO,6,43032,1000,1000,0.5102584697387977,0.011158000000250468
Griewank,continuous,PSO,7,43033,1000,1000,0.7117730001046301,0.013642799999615818
Griewank,continuous,PSO,8,43034,1000,1000,0.8284428485066855,0.010313300000234449
Griewank,continuous,PSO,9,43035,1000,1000,0.8265458316523996,0.011156999999911932
Griewank,continuous,PSO,10,43036,1000,1000,0.628544926386886,0.010433600000396837
Griewank,continuous,PSO,11,43037,1000,1000,0.5919419639287284,0.010661999999683758
Griewank,continuous,PSO,12,43038,1000,1000,0.6151484514867043,0.010954600000331993
Griewank,continuous,PSO,13,43039,1000,1000,0.6264482289009463,0.010663299999578157
Griewank,continuous,PSO,14,43040,1000,1000,0.7686599885955975,0.010418000000754546
Griewank,continuous,PSO,15,43041,1000,1000,0.6354680098829308,0.01065660000040225
Griewank,continuous,PSO,16,43042,1000,1000,0.7053200535085515,0.011245499999859021
Griewank,continuous,PSO,17,43043,1000,1000,0.8934090419223671,0.013369700000112061
Griewank,continuous,PSO,18,43044,1000,1000,0.7646611016363131,0.01044720000027155
Griewank,continuous,PSO,19,43045,1000,1000,0.8237694457406357,0.010827600000084203
Griewank,continuous,PSO,20,43046,1000,1000,0.6736216534352197,0.01081120000071678
Griewank,continuous,PSO,21,43047,1000,1000,0.7676657505204936,0.010311000000001513
Griewank,continuous,PSO,22,43048,1000,1000,0.8335880829074085,0.010670399999980873
Griewank,continuous,PSO,23,43049,1000,1000,0.9110648564096855,0.011014400000021851
Griewank,continuous,PSO,24,43050,1000,1000,0.7857047994798776,0.010605100000248058
Griewank,continuous,PSO,25,43051,1000,1000,0.8474545922906326,0.010538500000620843
Griewank,continuous,PSO,26,43052,1000,1000,0.7755988983752334,0.010948599999210273
Griewank,continuous,PSO,27,43053,1000,1000,0.8456009746989077,0.012460900000405672
Griewank,continuous,PSO,28,43054,1000,1000,0.7558658430234928,0.010380499999882886
Griewank,continuous,PSO,29,43055,1000,1000,0.8059436272667602,0.010688000000300235
Griewank,continuous,PSO,30,43056,1000,1000,0.6872904801217099,0.010338400000364345
Griewank,continuous,DE,1,44027,1000,1000,0.847089476853843,0.04744639999989886
Griewank,continuous,DE,2,44028,1000,1000,1.2603714572319946,0.04685140000037791
Griewank,continuous,DE,3,44029,1000,1000,1.1473017895181943,0.04556219999994937
Griewank,continuous,DE,4,44030,1000,1000,1.1292410541885212,0.046008599999368016
Griewank,continuous,DE,5,44031,1000,1000,1.2122699909243142,0.04750960000001214
Griewank,continuous,DE,6,44032,1000,1000,0.9624354379469784,0.0647291999994195
Griewank,continuous,DE,7,44033,1000,1000,1.1984245741268942,0.06081129999984114
Griewank,continuous,DE,8,44034,1000,1000,1.2092262916365586,0.057352499999979045
Griewank,continuous,DE,9,44035,1000,1000,1.0531268615000735,0.06502540000019508
Griewank,continuous,DE,10,44036,1000,1000,0.68865725807064,0.0820862999999008
Griewank,continuous,DE,11,44037,1000,1000,1.2035401779877644,0.07440990000031888
Griewank,continuous,DE,12,44038,1000,1000,1.0560231184092637,0.09356810000008409
Griewank,continuous,DE,13,44039,1000,1000,1.1288665408299927,0.07892720000018016
Griewank,continuous,DE,14,44040,1000,1000,1.0996259927959322,0.07496499999979278
Griewank,continuous,DE,15,44041,1000,1000,1.096923312210404,0.09635049999997136
Griewank,continuous,DE,16,44042,1000,1000,1.3178918077983293,0.09583270000075572
Griewank,continuous,DE,17,44043,1000,1000,1.0891428736045763,0.10118340000008175
Griewank,continuous,DE,18,44044,1000,1000,1.099343129261301,0.0794010999998136
Griewank,continuous,DE,19,44045,1000,1000,0.8613096379828541,0.07736750000003667
Griewank,continuous,DE,20,44046,1000,1000,1.5124836692862713,0.07767119999971328
Griewank,continuous,DE,21,44047,1000,1000,1.049203282669708,0.06705499999952735
Griewank,continuous,DE,22,44048,1000,1000,1.257871620899748,0.07994980000057694
Griewank,continuous,DE,23,44049,1000,1000,1.1736036274185697,0.0715146000002278
Griewank,continuous,DE,24,44050,1000,1000,0.930521379742174,0.06716690000030212
Griewank,continuous,DE,25,44051,1000,1000,1.0067245633605024,0.060995200000434124
Griewank,continuous,DE,26,44052,1000,1000,0.7487224810387293,0.059885900000153924
Griewank,continuous,DE,27,44053,1000,1000,1.1404190220289052,0.06567670000004
Griewank,continuous,DE,28,44054,1000,1000,1.3661187323327706,0.06162839999979042
Griewank,continuous,DE,29,44055,1000,1000,0.9995101134147235,0.08341169999948761
Griewank,continuous,DE,30,44056,1000,1000,1.2412811824358188,0.06563619999997172
Griewank,continuous,MonteCarlo,1,45027,1000,1000,1.9871653367623758,0.02651160000004893
Griewank,continuous,MonteCarlo,2,45028,1000,1000,1.472973702794592,0.027795800000603776
Griewank,continuous,MonteCarlo,3,45029,1000,1000,1.8124439991847359,0.023653700000068056
Griewank,continuous,MonteCarlo,4,45030,1000,1000,1.3837247644941495,0.02231449999999313
Griewank,continuous,MonteCarlo,5,45031,1000,1000,2.059183855712461,0.021588499999779742
Griewank,continuous,MonteCarlo,6,45032,1000,1000,2.3712721014593754,0.02437469999949826
Griewank,continuous,MonteCarlo,7,45033,1000,1000,2.623778629313646,0.024333999999726075
Griewank,continuous,MonteCarlo,8,45034,1000,1000,1.2269162590783527,0.02454059999945457
Griewank,continuous,MonteCarlo,9,45035,1000,1000,2.3589532775206843,0.029975999999805936
Griewank,continuous,MonteCarlo,10,45036,1000,1000,2.263381799254894,0.026495999999497144
Griewank,continuous,MonteCarlo,11,45037,1000,1000,2.335188302609465,0.03154169999925216
Griewank,continuous,MonteCarlo,12,45038,1000,1000,1.7199181800199006,0.03690999999980704
Griewank,continuous,MonteCarlo,13,45039,1000,1000,2.2376732730619553,0.056701499999689986
Griewank,continuous,MonteCarlo,14,45040,1000,1000,2.279627996125818,0.03513859999929991
Griewank,continuous,MonteCarlo,15,45041,1000,1000,2.4183470288614277,0.0352842000002056
Griewank,continuous,MonteCarlo,16,45042,1000,1000,2.1539235507654317,0.028989800000090327
Griewank,continuous,MonteCarlo,17,45043,1000,1000,1.7594518103663952,0.0328960000006191
Griewank,continuous,MonteCarlo,18,45044,1000,1000,2.384481560792822,0.03404930000033346
Griewank,continuous,MonteCarlo,19,45045,1000,1000,1.958751147265044,0.036503099999208644
Griewank,continuous,MonteCarlo,20,45046,1000,1000,2.0255795569601682,0.03743949999989127
Griewank,continuous,MonteCarlo,21,45047,1000,1000,1.9499940304299006,0.040375399999902584
Griewank,continuous,MonteCarlo,22,45048,1000,1000,2.467418948390783,0.035269699999844306
Griewank,continuous,MonteCarlo,23,45049,1000,1000,1.8772866966724804,0.034452199999577715
Griewank,continuous,MonteCarlo,24,45050,1000,1000,2.5508686609412603,0.027312500000334694
Griewank,continuous,MonteCarlo,25,45051,1000,1000,1.7171569719807533,0.026708000000326138
Griewank,continuous,MonteCarlo,26,45052,1000,1000,2.523079156082429,0.028705700000500656
Griewank,continuous,MonteCarlo,27,45053,1000,1000,2.335356981936374,0.026261599999997998
Griewank,continuous,MonteCarlo,28,45054,1000,1000,1.953769499625814,0.027443699999821547
Griewank,continuous,MonteCarlo,29,45055,1000,1000,2.285875874256167,0.027415800000198942
Griewank,continuous,MonteCarlo,30,45056,1000,1000,1.8862350541711315,0.025120899999819812
Schwefel,continuous,GA,1,52027,1000,1000,1034.839986497082,0.051143300000148884
Schwefel,continuous,GA,2,52028,1000,1000,580.8988627953195,0.056396699999822886
Schwefel,continuous,GA,3,52029,1000,1000,1008.5828294791818,0.053578299999571755
Schwefel,continuous,GA,4,52030,1000,1000,1290.577397807132,0.05367149999983667
Schwefel,continuous,GA,5,52031,1000,1000,1138.783745440669,0.05731500000001688
Schwefel,continuous,GA,6,52032,1000,1000,1415.8272683561472,0.048637899999448564
Schwefel,continuous,GA,7,52033,1000,1000,611.5171008772973,0.0473706000002494
Schwefel,continuous,GA,8,52034,1000,1000,774.2959903470373,0.05278739999994286
Schwefel,continuous,GA,9,52035,1000,1000,1128.5980699160323,0.050387899999805086
Schwefel,continuous,GA,10,52036,1000,1000,1215.2745587198006,0.05501800000001822
Schwefel,continuous,GA,11,52037,1000,1000,889.6877651363284,0.05148580000059155
Schwefel,continuous,GA,12,52038,1000,1000,1263.1808909851443,0.04681880000043748
Schwefel,continuous,GA,13,52039,1000,1000,1570.5200252522982,0.04422389999945153
Schwefel,continuous,GA,14,52040,1000,1000,1031.6789244368351,0.04971620000014809
Schwefel,continuous,GA,15,52041,1000,1000,1166.636574443528,0.047740900000462716
Schwefel,continuous,GA,16,52042,1000,1000,951.5637196906569,0.04826350000075763
Schwefel,continuous,GA,17,52043,1000,1000,1063.6830964859846,0.05000819999986561
Schwefel,continuous,GA,18,52044,1000,1000,937.7902313034074,0.047879000000648375
Schwefel,continuous,GA,19,52045,1000,1000,1000.1327857924989,0.04906750000009197
Schwefel,continuous,GA,20,52046,1000,1000,1335.8113067701358,0.049039300000004005
Schwefel,continuous,GA,21,52047,1000,1000,377.08457299622387,0.05137250000007043
Schwefel,continuous,GA,22,52048,1000,1000,551.9097464411116,0.04607709999982035
Schwefel,continuous,GA,23,52049,1000,1000,907.0423628496878,0.04476449999947363
Schwefel,continuous,GA,24,52050,1000,1000,1268.8666902419436,0.04410329999973328
Schwefel,continuous,GA,25,52051,1000,1000,1513.8768469954093,0.045904999999947904
Schwefel,continuous,GA,26,52052,1000,1000,945.2750354119089,0.045294900000044436
Schwefel,continuous,GA,27,52053,1000,1000,905.1389761591354,0.046709000000191736
Schwefel,continuous,GA,28,52054,1000,1000,1165.343255553481,0.04798659999960364
Schwefel,continuous,GA,29,52055,1000,1000,1231.4687729796542,0.050461999999242835
Schwefel,continuous,GA,30,52056,1000,1000,1004.787440546821,0.04646530000081839
Schwefel,continuous,PSO,1,53027,1000,1000,1094.8491111716385,0.009674900000391062
Schwefel,continuous,PSO,2,53028,1000,1000,710.0181201869241,0.01121919999968668
Schwefel,continuous,PSO,3,53029,1000,1000,1378.5045081975136,0.011500300000079733
Schwefel,continuous,PSO,4,53030,1000,1000,752.6154416149488,0.00876830000015616
Schwefel,continuous,PSO,5,53031,1000,1000,953.5203986760921,0.007552099999884376
Schwefel,continuous,PSO,6,53032,1000,1000,1311.3943511630455,0.006686400000035064
Schwefel,continuous,PSO,7,53033,1000,1000,1196.4039375693374,0.0074939999994967366
Schwefel,continuous,PSO,8,53034,1000,1000,848.4484827382985,0.007224800000585674
Schwefel,continuous,PSO,9,53035,1000,1000,830.7051346282142,0.0064978999998857034
Schwefel,continuous,PSO,10,53036,1000,1000,806.5062715587928,0.006815600000663835
Schwefel,continuous,PSO,11,53037,1000,1000,853.3606165919659,0.006897399999616027
Schwefel,continuous,PSO,12,53038,1000,1000,1014.0291004544215,0.00784899999962363
Schwefel,continuous,PSO,13,53039,1000,1000,925.3157303754988,0.006822299999839743
Schwefel,continuous,PSO,14,53040,1000,1000,803.6909000654127,0.006562399999893387
Schwefel,continuous,PSO,15,53041,1000,1000,284.1979862292228,0.006787199999962468
Schwefel,continuous,PSO,16,53042,1000,1000,1262.276973773046,0.006578499999704945
Schwefel,continuous,PSO,17,53043,1000,1000,1124.184054230128,0.006991599999309983
Schwefel,continuous,PSO,18,53044,1000,1000,753.7342514059997,0.0064382000000478
Schwefel,continuous,PSO,19,53045,1000,1000,952.8548757324306,0.006542399999489135
Schwefel,continuous,PSO,20,53046,1000,1000,1227.1645519435333,0.008734699999877193
Schwefel,continuous,PSO,21,53047,1000,1000,1133.144644950461,0.007339699999647564
Schwefel,continuous,PSO,22,53048,1000,1000,1650.714969358296,0.006846000000223285
Schwefel,continuous,PSO,23,53049,1000,1000,791.4432925774508,0.0064797000004546135
Schwefel,continuous,PSO,24,53050,1000,1000,626.0211792689615,0.006796800000302028
Schwefel,continuous,PSO,25,53051,1000,1000,728.8498852156117,0.006611400000110734
Schwefel,continuous,PSO,26,53052,1000,1000,861.8890670655064,0.006808299999647716
Schwefel,continuous,PSO,27,53053,1000,1000,1458.996003404753,0.006990199999563629
Schwefel,continuous,PSO,28,53054,1000,1000,1020.4315182739429,0.006648900000072899
Schwefel,continuous,PSO,29,53055,1000,1000,742.1355396836816,0.007090099999913946
Schwefel,continuous,PSO,30,53056,1000,1000,1095.2438752966605,0.006751800000529329
Schwefel,continuous,DE,1,54027,1000,1000,1843.863099838986,0.041965800000070885
Schwefel,continuous,DE,2,54028,1000,1000,1292.686275337558,0.04356759999973292
Schwefel,continuous,DE,3,54029,1000,1000,1363.804868868642,0.04586699999981647
Schwefel,continuous,DE,4,54030,1000,1000,1448.816298795158,0.04095629999937955
Schwefel,continuous,DE,5,54031,1000,1000,1252.69863719032,0.04800379999960569
Schwefel,continuous,DE,6,54032,1000,1000,1575.2417204282829,0.0493162000002485
Schwefel,continuous,DE,7,54033,1000,1000,1646.9937508174276,0.049141899999995076
Schwefel,continuous,DE,8,54034,1000,1000,1453.042143375057,0.05198449999988952
Schwefel,continuous,DE,9,54035,1000,1000,1355.208606844998,0.0529740000001766
Schwefel,continuous,DE,10,54036,1000,1000,1389.4746858709136,0.05435310000029858
Schwefel,continuous,DE,11,54037,1000,1000,1174.092280239221,0.05369990000053804
Schwefel,continuous,DE,12,54038,1000,1000,1479.617338158958,0.05066640000040934
Schwefel,continuous,DE,13,54039,1000,1000,1461.9347390549415,0.05321579999963433
Schwefel,continuous,DE,14,54040,1000,1000,1414.4765151290667,0.05130300000018906
Schwefel,continuous,DE,15,54041,1000,1000,1540.9637758226622,0.05380989999957819
Schwefel,continuous,DE,16,54042,1000,1000,1728.0487587202274,0.04336339999917982
Schwefel,continuous,DE,17,54043,1000,1000,1697.1985678306069,0.04809560000012425
Schwefel,continuous,DE,18,54044,1000,1000,1672.0763015836687,0.05087249999996857
Schwefel,continuous,DE,19,54045,1000,1000,1572.083014646903,0.04925999999977648
Schwefel,continuous,DE,20,54046,1000,1000,1687.6063841950647,0.040736699999797565
Schwefel,continuous,DE,21,54047,1000,1000,1356.648624557233,0.04614730000048439
Schwefel,continuous,DE,22,54048,1000,1000,1172.3081303610743,0.03913209999973333
Schwefel,continuous,DE,23,54049,1000,1000,1455.2032574176555,0.04070769999998447
Schwefel,continuous,DE,24,54050,1000,1000,959.6974305929862,0.04267280000021856
Schwefel,continuous,DE,25,54051,1000,1000,1738.6248919510822,0.040412400000604976
Schwefel,continuous,DE,26,54052,1000,1000,1559.7295445701698,0.039093899999897985
Schwefel,continuous,DE,27,54053,1000,1000,1583.8806085497597,0.042558500000268396
Schwefel,continuous,DE,28,54054,1000,1000,1276.6730206142447,0.046178499999768974
Schwefel,continuous,DE,29,54055,1000,1000,1380.8931258642544,0.040795900000375696
Schwefel,continuous,DE,30,54056,1000,1000,1597.7307995321553,0.03981000000021595
Schwefel,continuous,MonteCarlo,1,55027,1000,1000,1267.7954520471735,0.016659700000673183
Schwefel,continuous,MonteCarlo,2,55028,1000,1000,1683.8382441281883,0.0159564000005048
Schwefel,continuous,MonteCarlo,3,55029,1000,1000,1194.806505792269,0.01775329999964015
Schwefel,continuous,MonteCarlo,4,55030,1000,1000,1468.8914256666842,0.016523700000107056
Schwefel,continuous,MonteCarlo,5,55031,1000,1000,1604.6239637494327,0.019682799999827694
Schwefel,continuous,MonteCarlo,6,55032,1000,1000,1627.25064043179,0.019410900000366382
Schwefel,continuous,MonteCarlo,7,55033,1000,1000,1852.3246656189099,0.019560800000363088
Schwefel,continuous,MonteCarlo,8,55034,1000,1000,1456.3888923599889,0.020605300000170246
Schwefel,continuous,MonteCarlo,9,55035,1000,1000,1772.0610845175502,0.01662269999997079
Schwefel,continuous,MonteCarlo,10,55036,1000,1000,1631.2599736470934,0.016118399999868416
Schwefel,continuous,MonteCarlo,11,55037,1000,1000,1580.4313789532011,0.017747300000337418
Schwefel,continuous,MonteCarlo,12,55038,1000,1000,1318.2080373381004,0.016301499999826774
Schwefel,continuous,MonteCarlo,13,55039,1000,1000,1446.9601457755455,0.016270200000690238
Schwefel,continuous,MonteCarlo,14,55040,1000,1000,1823.6475802240006,0.015929299999697832
Schwefel,continuous,MonteCarlo,15,55041,1000,1000,1438.9662563305642,0.018037599999843223
Schwefel,continuous,MonteCarlo,16,55042,1000,1000,1691.761979974329,0.022083099999690603
Schwefel,continuous,MonteCarlo,17,55043,1000,1000,1272.7144689582683,0.021891600000344624
Schwefel,continuous,MonteCarlo,18,55044,1000,1000,1824.2807400929391,0.019970199999988836
Schwefel,continuous,MonteCarlo,19,55045,1000,1000,1559.5624984734702,0.020632800000385032
Schwefel,continuous,MonteCarlo,20,55046,1000,1000,1336.949589411679,0.01746140000068408
Schwefel,continuous,MonteCarlo,21,55047,1000,1000,1237.1426038638692,0.015840299999581475
Schwefel,continuous,MonteCarlo,22,55048,1000,1000,1794.87871569329,0.01607830000011745
Schwefel,continuous,MonteCarlo,23,55049,1000,1000,1694.369536370517,0.016512900000634545
Schwefel,continuous,MonteCarlo,24,55050,1000,1000,1658.2012315119,0.019294100000479375
Schwefel,continuous,MonteCarlo,25,55051,1000,1000,1725.980791036529,0.0238350999998147
Schwefel,continuous,MonteCarlo,26,55052,1000,1000,1807.107113795002,0.024326099999598227
Schwefel,continuous,MonteCarlo,27,55053,1000,1000,1339.935515132363,0.023392600000079256
Schwefel,continuous,MonteCarlo,28,55054,1000,1000,1608.2961844571214,0.02758890000040992
Schwefel,continuous,MonteCarlo,29,55055,1000,1000,1704.3056416745133,0.022418000000470784
Schwefel,continuous,MonteCarlo,30,55056,1000,1000,1771.6113885802215,0.022092000000156986
Zakharov,continuous,GA,1,62027,1000,1000,5.048799497717741,0.06806450000021869
Zakharov,continuous,GA,2,62028,1000,1000,3.887454813356939,0.06514960000004066
Zakharov,continuous,GA,3,62029,1000,1000,2.938884288666911,0.052961100000175065
Zakharov,continuous,GA,4,62030,1000,1000,0.3644143063045325,0.04842869999993127
Zakharov,continuous,GA,5,62031,1000,1000,6.702856728818085,0.04848720000063622
Zakharov,continuous,GA,6,62032,1000,1000,2.349721347220504,0.049882500000421715
Zakharov,continuous,GA,7,62033,1000,1000,1.7671242096292594,0.04885100000046805
Zakharov,continuous,GA,8,62034,1000,1000,16.49483437369813,0.048997099999724014
Zakharov,continuous,GA,9,62035,1000,1000,18.134457249315826,0.05127150000043912
Zakharov,continuous,GA,10,62036,1000,1000,5.406733937943946,0.05284479999954783
Zakharov,continuous,GA,11,62037,1000,1000,1.8401737684316861,0.050584199999320845
Zakharov,continuous,GA,12,62038,1000,1000,0.7337439212305501,0.05943029999980354
Zakharov,continuous,GA,13,62039,1000,1000,0.9235583971502901,0.06199000000015076
Zakharov,continuous,GA,14,62040,1000,1000,2.5937705964649003,0.07036759999937203
Zakharov,continuous,GA,15,62041,1000,1000,1.5399146718411858,0.06273109999983717
Zakharov,continuous,GA,16,62042,1000,1000,4.585139654498733,0.06629069999962667
Zakharov,continuous,GA,17,62043,1000,1000,8.567117867689385,0.05809800000042742
Zakharov,continuous,GA,18,62044,1000,1000,3.316954783587202,0.05443009999999049
Zakharov,continuous,GA,19,62045,1000,1000,1.1372966155851254,0.06278860000020359
Zakharov,continuous,GA,20,62046,1000,1000,2.1513133273067746,0.06422269999984564
Zakharov,continuous,GA,21,62047,1000,1000,0.7494070794708736,0.05624470000020665
Zakharov,continuous,GA,22,62048,1000,1000,3.085132681260489,0.05663860000004206
Zakharov,continuous,GA,23,62049,1000,1000,1.480475959885753,0.05200890000014624
Zakharov,continuous,GA,24,62050,1000,1000,3.497388710131803,0.06386399999973946
Zakharov,continuous,GA,25,62051,1000,1000,0.4836869499874533,0.06597020000026532
Zakharov,continuous,GA,26,62052,1000,1000,1.143171343322695,0.05956810000043333
Zakharov,continuous,GA,27,62053,1000,1000,6.215010464507034,0.06251040000006469
Zakharov,continuous,GA,28,62054,1000,1000,0.8242558703555464,0.05843170000025566
Zakharov,continuous,GA,29,62055,1000,1000,5.080584889456518,0.0532097999994221
Zakharov,continuous,GA,30,62056,1000,1000,3.300388330673779,0.06329080000068643
Zakharov,continuous,PSO,1,63027,1000,1000,8.763401426203314,0.012581099999806611
Zakharov,continuous,PSO,2,63028,1000,1000,2.163056345605306,0.014947399999982736
Zakharov,continuous,PSO,3,63029,1000,1000,41.71946294905219,0.014672700000119221
Zakharov,continuous,PSO,4,63030,1000,1000,31.2341508185531,0.013597799999843119
Zakharov,continuous,PSO,5,63031,1000,1000,33.430000949531575,0.012902299999950628
Zakharov,continuous,PSO,6,63032,1000,1000,3.321569108346595,0.015954800000145042
Zakharov,continuous,PSO,7,63033,1000,1000,5.581433317493477,0.014384500000232947
Zakharov,continuous,PSO,8,63034,1000,1000,1.8008428145913506,0.014245600000322156
Zakharov,continuous,PSO,9,63035,1000,1000,1.4093387407858187,0.012719499999548134
Zakharov,continuous,PSO,10,63036,1000,1000,29.350283133691462,0.014207600000190723
Zakharov,continuous,PSO,11,63037,1000,1000,15.380241163012556,0.014454099999966274
Zakharov,continuous,PSO,12,63038,1000,1000,1.41158324910575,0.015363200000138022
Zakharov,continuous,PSO,13,63039,1000,1000,0.7643298946502125,0.011537200000020675
Zakharov,continuous,PSO,14,63040,1000,1000,10.008208611978967,0.011063799999647017
Zakharov,continuous,PSO,15,63041,1000,1000,13.89870440296271,0.011053100000026461
Zakharov,continuous,PSO,16,63042,1000,1000,3.6921991325177945,0.011569799999961106
Zakharov,continuous,PSO,17,63043,1000,1000,4.532810301857358,0.0107268000001568
Zakharov,continuous,PSO,18,63044,1000,1000,1.5037509405363054,0.011147799999889685
Zakharov,continuous,PSO,19,63045,1000,1000,3.3425645069095453,0.010860200000024633
Zakharov,continuous,PSO,20,63046,1000,1000,22.164525693131402,0.011166899999807356
Zakharov,continuous,PSO,21,63047,1000,1000,6.334144163412136,0.010589499999696272
Zakharov,continuous,PSO,22,63048,1000,1000,6.367808815634175,0.010748800000328629
Zakharov,continuous,PSO,23,63049,1000,1000,5.202817566746651,0.010714199999711127
Zakharov,continuous,PSO,24,63050,1000,1000,22.43919081826523,0.0105174000000261
Zakharov,continuous,PSO,25,63051,1000,1000,51.167702935801955,0.013026999999965483
Zakharov,continuous,PSO,26,63052,1000,1000,8.154046863793278,0.011216899999453744
Zakharov,continuous,PSO,27,63053,1000,1000,22.637121299071637,0.011392900000828377
Zakharov,continuous,PSO,28,63054,1000,1000,3.8396177353165135,0.015057300000080431
Zakharov,continuous,PSO,29,63055,1000,1000,5.9460923693980705,0.01699060000009922
Zakharov,continuous,PSO,30,63056,1000,1000,16.453395145445,0.015516000000388885
Zakharov,continuous,DE,1,64027,1000,1000,13.792543293448539,0.06553669999993872
Zakharov,continuous,DE,2,64028,1000,1000,16.25976605039887,0.05817170000045735
Zakharov,continuous,DE,3,64029,1000,1000,8.63009418285494,0.05903200000011566
Zakharov,continuous,DE,4,64030,1000,1000,17.817318963280055,0.06015610000031302
Zakharov,continuous,DE,5,64031,1000,1000,26.523383054603308,0.05825460000050953
Zakharov,continuous,DE,6,64032,1000,1000,18.418411423392392,0.0579239000007874
Zakharov,continuous,DE,7,64033,1000,1000,30.99547351658901,0.05309430000033899
Zakharov,continuous,DE,8,64034,1000,1000,15.157683730531101,0.06414960000074643
Zakharov,continuous,DE,9,64035,1000,1000,25.646272877754967,0.062242199999673176
Zakharov,continuous,DE,10,64036,1000,1000,9.789309585274806,0.0549964000001637
Zakharov,continuous,DE,11,64037,1000,1000,23.38586737851622,0.049793099999988044
Zakharov,continuous,DE,12,64038,1000,1000,32.40206047512508,0.04496240000025864
Zakharov,continuous,DE,13,64039,1000,1000,31.87949184191813,0.0524623999999676
Zakharov,continuous,DE,14,64040,1000,1000,21.539246468408052,0.051164999999855354
Zakharov,continuous,DE,15,64041,1000,1000,19.8185338465449,0.050122900000133086
Zakharov,continuous,DE,16,64042,1000,1000,15.186485137356307,0.052274900000156777
Zakharov,continuous,DE,17,64043,1000,1000,24.469778540866976,0.054876100000001315
Zakharov,continuous,DE,18,64044,1000,1000,14.506053543933875,0.0523429999993823
Zakharov,continuous,DE,19,64045,1000,1000,12.99915483091647,0.04731990000072983
Zakharov,continuous,DE,20,64046,1000,1000,9.880568668536185,0.05738100000053237
Zakharov,continuous,DE,21,64047,1000,1000,15.106046206360402,0.0503803000001426
Zakharov,continuous,DE,22,64048,1000,1000,18.215767066599938,0.05307360000006156
Zakharov,continuous,DE,23,64049,1000,1000,17.955120081612097,0.050350299999990966
Zakharov,continuous,DE,24,64050,1000,1000,40.3554997499006,0.0521907000002102
Zakharov,continuous,DE,25,64051,1000,1000,24.83261023302811,0.054507400000147754
Zakharov,continuous,DE,26,64052,1000,1000,25.58733910063165,0.051545700000133365
Zakharov,continuous,DE,27,64053,1000,1000,25.89859202403231,0.05153509999945527
Zakharov,continuous,DE,28,64054,1000,1000,15.381958245417819,0.04963439999937691
Zakharov,continuous,DE,29,64055,1000,1000,12.709600422991379,0.05856390000008105
Zakharov,continuous,DE,30,64056,1000,1000,10.239575591336466,0.05651049999960378
Zakharov,continuous,MonteCarlo,1,65027,1000,1000,55.27087099404843,0.025939199999811535
Zakharov,continuous,MonteCarlo,2,65028,1000,1000,24.766373159228696,0.027624599999398924
Zakharov,continuous,MonteCarlo,3,65029,1000,1000,43.483296566928104,0.0264073999996981
Zakharov,continuous,MonteCarlo,4,65030,1000,1000,62.158593820080725,0.0242102000001978
Zakharov,continuous,MonteCarlo,5,65031,1000,1000,29.054276179477263,0.02197020000039629
Zakharov,continuous,MonteCarlo,6,65032,1000,1000,55.22424116349253,0.025951900000109163
Zakharov,continuous,MonteCarlo,7,65033,1000,1000,44.96279519075202,0.025892499999827123
Zakharov,continuous,MonteCarlo,8,65034,1000,1000,55.58002740249864,0.025862199999210134
Zakharov,continuous,MonteCarlo,9,65035,1000,1000,58.475509809008116,0.02875540000059118
Zakharov,continuous,MonteCarlo,10,65036,1000,1000,45.29921750837744,0.028697400000055495
Zakharov,continuous,MonteCarlo,11,65037,1000,1000,63.23019679043009,0.02640400000018417
Zakharov,continuous,MonteCarlo,12,65038,1000,1000,52.099667542059706,0.026140699999814387
Zakharov,continuous,MonteCarlo,13,65039,1000,1000,53.308437995955074,0.024045399999522488
Zakharov,continuous,MonteCarlo,14,65040,1000,1000,28.601241032000576,0.025419899999178597
Zakharov,continuous,MonteCarlo,15,65041,1000,1000,53.849588591313676,0.025976400000217836
Zakharov,continuous,MonteCarlo,16,65042,1000,1000,51.90046571966831,0.025011100000483566
Zakharov,continuous,MonteCarlo,17,65043,1000,1000,50.11965256844222,0.027660200000354962
Zakharov,continuous,MonteCarlo,18,65044,1000,1000,33.5033179813025,0.025886399999762943
Zakharov,continuous,MonteCarlo,19,65045,1000,1000,19.202655938160515,0.022839899999780755
Zakharov,continuous,MonteCarlo,20,65046,1000,1000,66.50194363129349,0.024414499999693362
Zakharov,continuous,MonteCarlo,21,65047,1000,1000,46.43747579111716,0.023114499999792315
Zakharov,continuous,MonteCarlo,22,65048,1000,1000,14.368345816705915,0.022762499999771535
Zakharov,continuous,MonteCarlo,23,65049,1000,1000,65.47778581247468,0.021406800000477233
Zakharov,continuous,MonteCarlo,24,65050,1000,1000,20.6311974870171,0.026437200000145822
Zakharov,continuous,MonteCarlo,25,65051,1000,1000,45.503066260313126,0.021201200000177778
Zakharov,continuous,MonteCarlo,26,65052,1000,1000,61.401596637653554,0.02191469999979745
Zakharov,continuous,MonteCarlo,27,65053,1000,1000,41.112173396199516,0.024680499999703898
Zakharov,continuous,MonteCarlo,28,65054,1000,1000,89.08542384516082,0.02391669999997248
Zakharov,continuous,MonteCarlo,29,65055,1000,1000,62.24194869612856,0.02343170000040118
Zakharov,continuous,MonteCarlo,30,65056,1000,1000,60.75256995826137,0.021457699999700708
Levy,continuous,GA,1,72027,1000,1000,0.10001380473483565,0.06286779999936698
Levy,continuous,GA,2,72028,1000,1000,0.053364537781402946,0.07554410000011558
Levy,continuous,GA,3,72029,1000,1000,0.0598060445842722,0.07519680000041262
Levy,continuous,GA,4,72030,1000,1000,0.022592966754410186,0.07290149999971618
Levy,continuous,GA,5,72031,1000,1000,0.008610554826872917,0.06639540000014676
Levy,continuous,GA,6,72032,1000,1000,0.02683622457927063,0.06644870000036462
Levy,continuous,GA,7,72033,1000,1000,0.022788237283846966,0.06987430000026507
Levy,continuous,GA,8,72034,1000,1000,0.033513417482418505,0.0658478000004834
Levy,continuous,GA,9,72035,1000,1000,0.03652165112540362,0.06331839999984368
Levy,continuous,GA,10,72036,1000,1000,0.010118035121843404,0.06757519999973738
Levy,continuous,GA,11,72037,1000,1000,0.05055352854535475,0.06476409999959287
Levy,continuous,GA,12,72038,1000,1000,0.059678872096827915,0.061622000000170374
Levy,continuous,GA,13,72039,1000,1000,0.018979665636888268,0.08036759999959031
Levy,continuous,GA,14,72040,1000,1000,0.01150946656034877,0.057604300000093644
Levy,continuous,GA,15,72041,1000,1000,0.0627591053040645,0.06502040000032139
Levy,continuous,GA,16,72042,1000,1000,0.039231323617970555,0.0765506000007008
Levy,continuous,GA,17,72043,1000,1000,0.04813061994401004,0.08747519999997166
Levy,continuous,GA,18,72044,1000,1000,0.03694561358670342,0.09483999999974912
Levy,continuous,GA,19,72045,1000,1000,0.014518794345980374,0.07785629999943922
Levy,continuous,GA,20,72046,1000,1000,0.024047138029663698,0.06280510000033246
Levy,continuous,GA,21,72047,1000,1000,0.055750792747940106,0.059032699999988836
Levy,continuous,GA,22,72048,1000,1000,0.021907908126755807,0.06928590000006807
Levy,continuous,GA,23,72049,1000,1000,0.03875905824332495,0.0663990000002741
Levy,continuous,GA,24,72050,1000,1000,0.023088066288058946,0.06848449999961304
Levy,continuous,GA,25,72051,1000,1000,0.019995690441009913,0.06523789999937435
Levy,continuous,GA,26,72052,1000,1000,0.0063264279325733214,0.06400420000045415
Levy,continuous,GA,27,72053,1000,1000,0.022037584593103104,0.06019079999987298
Levy,continuous,GA,28,72054,1000,1000,2.1605206068436282,0.054308900000251015
Levy,continuous,GA,29,72055,1000,1000,0.07303850026816894,0.05836469999940164
Levy,continuous,GA,30,72056,1000,1000,0.04919750909688257,0.05422550000002957
Levy,continuous,PSO,1,73027,1000,1000,0.10440691909942103,0.020408999999744992
Levy,continuous,PSO,2,73028,1000,1000,0.2779295326337767,0.01879850000022998
Levy,continuous,PSO,3,73029,1000,1000,0.03584439400027869,0.01984420000007958
Levy,continuous,PSO,4,73030,1000,1000,0.8879250104972036,0.017979899999772897
Levy,continuous,PSO,5,73031,1000,1000,0.22515415135774647,0.025243799999771
Levy,continuous,PSO,6,73032,1000,1000,0.15656476734482438,0.024845599999935075
Levy,continuous,PSO,7,73033,1000,1000,0.14666423282474558,0.02359639999940555
Levy,continuous,PSO,8,73034,1000,1000,0.24530907853627273,0.027029999999285792
Levy,continuous,PSO,9,73035,1000,1000,0.9375206587112233,0.023716699999567936
Levy,continuous,PSO,10,73036,1000,1000,0.08611527795063953,0.021202399999310728
Levy,continuous,PSO,11,73037,1000,1000,0.24754389514964303,0.021887599999899976
Levy,continuous,PSO,12,73038,1000,1000,0.2544180579114996,0.022542900000189547
Levy,continuous,PSO,13,73039,1000,1000,0.08629529670357246,0.023141499999837833
Levy,continuous,PSO,14,73040,1000,1000,0.4650320741144699,0.022758799999792245
Levy,continuous,PSO,15,73041,1000,1000,0.6273725564732777,0.021356399999604037
Levy,continuous,PSO,16,73042,1000,1000,0.24201487871799832,0.022294200000033015
Levy,continuous,PSO,17,73043,1000,1000,0.14478052281104717,0.023874600000453938
Levy,continuous,PSO,18,73044,1000,1000,0.33433889599883254,0.026144200000089768
Levy,continuous,PSO,19,73045,1000,1000,0.6248888104859758,0.02343760000076145
Levy,continuous,PSO,20,73046,1000,1000,0.20708765616053887,0.023426099999596772
Levy,continuous,PSO,21,73047,1000,1000,0.24054058386649743,0.022251699999287666
Levy,continuous,PSO,22,73048,1000,1000,0.2572499841376397,0.022549500000422995
Levy,continuous,PSO,23,73049,1000,1000,0.07790069100221711,0.022204399999282032
Levy,continuous,PSO,24,73050,1000,1000,0.26810511725478187,0.02254929999980959
Levy,continuous,PSO,25,73051,1000,1000,0.3201218626822466,0.021957799999654526
Levy,continuous,PSO,26,73052,1000,1000,0.44387740863582936,0.021823000000040338
Levy,continuous,PSO,27,73053,1000,1000,0.19189639622113014,0.023334999999860884
Levy,continuous,PSO,28,73054,1000,1000,0.742168701941383,0.025238000000172178
Levy,continuous,PSO,29,73055,1000,1000,0.20548457732897435,0.02304510000067239
Levy,continuous,PSO,30,73056,1000,1000,0.31608377283074696,0.025749200000063865
Levy,continuous,DE,1,74027,1000,1000,4.752407862944396,0.06472560000020167
Levy,continuous,DE,2,74028,1000,1000,2.8718933724809967,0.05949709999913466
Levy,continuous,DE,3,74029,1000,1000,5.184725892205033,0.05845690000023751
Levy,continuous,DE,4,74030,1000,1000,3.8885379265593256,0.06182730000000447
Levy,continuous,DE,5,74031,1000,1000,2.19025475822287,0.0675083000005543
Levy,continuous,DE,6,74032,1000,1000,1.8774489359486686,0.07295030000022962
Levy,continuous,DE,7,74033,1000,1000,2.022602555117153,0.06603499999982887
Levy,continuous,DE,8,74034,1000,1000,1.4677973012013803,0.06993059999967954
Levy,continuous,DE,9,74035,1000,1000,2.813130900535894,0.0673956000000544
Levy,continuous,DE,10,74036,1000,1000,0.8564522993081205,0.06656380000003992
Levy,continuous,DE,11,74037,1000,1000,1.8811054092443833,0.0661604000006264
Levy,continuous,DE,12,74038,1000,1000,2.9590592512985654,0.08510310000019672
Levy,continuous,DE,13,74039,1000,1000,3.201830154021376,0.06528470000012021
Levy,continuous,DE,14,74040,1000,1000,7.3126595517063695,0.06639799999993556
Levy,continuous,DE,15,74041,1000,1000,3.8063324753515904,0.06515670000044338
Levy,continuous,DE,16,74042,1000,1000,2.76157962624732,0.06062920000022132
Levy,continuous,DE,17,74043,1000,1000,8.054273426067088,0.057231400000091526
Levy,continuous,DE,18,74044,1000,1000,5.45689744310526,0.051740300000346906
Levy,continuous,DE,19,74045,1000,1000,3.911198628227041,0.053039800000078685
Levy,continuous,DE,20,74046,1000,1000,4.661480661997504,0.05135650000011083
Levy,continuous,DE,21,74047,1000,1000,3.584665764161921,0.05117240000072343
Levy,continuous,DE,22,74048,1000,1000,4.182633244589253,0.05241569999998319
Levy,continuous,DE,23,74049,1000,1000,3.3221621991977477,0.06188540000039211
Levy,continuous,DE,24,74050,1000,1000,4.094776319415766,0.07149909999952797
Levy,continuous,DE,25,74051,1000,1000,6.600822983848466,0.07169950000024983
Levy,continuous,DE,26,74052,1000,1000,2.9338002365482945,0.07120519999989483
Levy,continuous,DE,27,74053,1000,1000,2.8804160420094473,0.07530789999964327
Levy,continuous,DE,28,74054,1000,1000,2.6412465405553482,0.07956940000076429
Levy,continuous,DE,29,74055,1000,1000,5.205227717222591,0.07735950000005687
Levy,continuous,DE,30,74056,1000,1000,2.235341058622939,0.1081056000002718
Levy,continuous,MonteCarlo,1,75027,1000,1000,13.724349744829436,0.05415510000057111
Levy,continuous,MonteCarlo,2,75028,1000,1000,14.475163517030476,0.050970199999937904
Levy,continuous,MonteCarlo,3,75029,1000,1000,7.637053226449627,0.04210080000029848
Levy,continuous,MonteCarlo,4,75030,1000,1000,6.563703973467057,0.04400459999942541
Levy,continuous,MonteCarlo,5,75031,1000,1000,8.295846375370921,0.055995200000324985
Levy,continuous,MonteCarlo,6,75032,1000,1000,12.19049069634377,0.04956860000038432
Levy,continuous,MonteCarlo,7,75033,1000,1000,7.3388227370494175,0.04196290000072622
Levy,continuous,MonteCarlo,8,75034,1000,1000,14.595034838209859,0.048578200000520155
Levy,continuous,MonteCarlo,9,75035,1000,1000,9.173007105555213,0.04292619999978342
Levy,continuous,MonteCarlo,10,75036,1000,1000,9.886966076406056,0.0612570000002961
Levy,continuous,MonteCarlo,11,75037,1000,1000,4.558585787153572,0.043715599999814
Levy,continuous,MonteCarlo,12,75038,1000,1000,9.65429857803382,0.07225980000021082
Levy,continuous,MonteCarlo,13,75039,1000,1000,15.405993845712004,0.08636449999994511
Levy,continuous,MonteCarlo,14,75040,1000,1000,10.196715839020996,0.08154709999962506
Levy,continuous,MonteCarlo,15,75041,1000,1000,9.24015014890474,0.056400700000267534
Levy,continuous,MonteCarlo,16,75042,1000,1000,8.740264475242396,0.05209569999988162
Levy,continuous,MonteCarlo,17,75043,1000,1000,4.782928129667031,0.05176180000034947
Levy,continuous,MonteCarlo,18,75044,1000,1000,13.896876391269577,0.0446974999995291
Levy,continuous,MonteCarlo,19,75045,1000,1000,10.169403751791963,0.04142910000064148
Levy,continuous,MonteCarlo,20,75046,1000,1000,12.969544290943109,0.039614399999663874
Levy,continuous,MonteCarlo,21,75047,1000,1000,13.026705600391367,0.04494350000004488
Levy,continuous,MonteCarlo,22,75048,1000,1000,10.271317547288653,0.03649059999952442
Levy,continuous,MonteCarlo,23,75049,1000,1000,13.516506330803768,0.03683339999952295
Levy,continuous,MonteCarlo,24,75050,1000,1000,12.253318156817182,0.034001800000623916
Levy,continuous,MonteCarlo,25,75051,1000,1000,8.031334946042342,0.04509959999995772
Levy,continuous,MonteCarlo,26,75052,1000,1000,6.493137341480585,0.1095248999999967
Levy,continuous,MonteCarlo,27,75053,1000,1000,11.706404096565475,0.0890441000001374
Levy,continuous,MonteCarlo,28,75054,1000,1000,12.14802452270691,0.07475720000002184
Levy,continuous,MonteCarlo,29,75055,1000,1000,9.023379890509023,0.06793830000060552
Levy,continuous,MonteCarlo,30,75056,1000,1000,10.842147369266167,0.06968499999948108
Alpine1,continuous,GA,1,82027,1000,1000,0.08600368935212438,0.10087239999938902
Alpine1,continuous,GA,2,82028,1000,1000,0.16602751844731853,0.10704199999963748
Alpine1,continuous,GA,3,82029,1000,1000,0.08390988944508909,0.09404299999914656
Alpine1,continuous,GA,4,82030,1000,1000,0.19095373656095063,0.09695090000059281
Alpine1,continuous,GA,5,82031,1000,1000,0.23281579144069814,0.07205599999997503
Alpine1,continuous,GA,6,82032,1000,1000,0.06084677082468932,0.06781509999927948
Alpine1,continuous,GA,7,82033,1000,1000,0.09376823586503621,0.06932749999941734
Alpine1,continuous,GA,8,82034,1000,1000,0.019033787317559107,0.0900060999993002
Alpine1,continuous,GA,9,82035,1000,1000,0.014555120914345994,0.06918089999999211
Alpine1,continuous,GA,10,82036,1000,1000,0.08121900073659069,0.11290339999959542
Alpine1,continuous,GA,11,82037,1000,1000,0.6150967239424987,0.11811969999962457
Alpine1,continuous,GA,12,82038,1000,1000,1.1474783507251458,0.0707444999998188
Alpine1,continuous,GA,13,82039,1000,1000,0.031759294733315055,0.06306370000038442
Alpine1,continuous,GA,14,82040,1000,1000,0.27424617034341797,0.06657829999949172
Alpine1,continuous,GA,15,82041,1000,1000,0.31270413891600707,0.06441530000029161
Alpine1,continuous,GA,16,82042,1000,1000,0.0478971789325181,0.06602360000033514
Alpine1,continuous,GA,17,82043,1000,1000,0.016394393698535743,0.05572470000061003
Alpine1,continuous,GA,18,82044,1000,1000,0.06197451415469507,0.06308699999954115
Alpine1,continuous,GA,19,82045,1000,1000,0.01600332043520914,0.0634264999998777
Alpine1,continuous,GA,20,82046,1000,1000,0.4380858206372409,0.05862909999996191
Alpine1,continuous,GA,21,82047,1000,1000,0.04246317696285629,0.0535013999997318
Alpine1,continuous,GA,22,82048,1000,1000,0.03618357049012153,0.05350319999979547
Alpine1,continuous,GA,23,82049,1000,1000,0.047615050953677386,0.057178600000042934
Alpine1,continuous,GA,24,82050,1000,1000,0.036721391533455223,0.05470919999970647
Alpine1,continuous,GA,25,82051,1000,1000,0.37544640506156446,0.05680500000016764
Alpine1,continuous,GA,26,82052,1000,1000,0.04813091155081872,0.06000210000001971
Alpine1,continuous,GA,27,82053,1000,1000,0.1281759678300613,0.05793439999979455
Alpine1,continuous,GA,28,82054,1000,1000,0.10261854656310465,0.05514320000020234
Alpine1,continuous,GA,29,82055,1000,1000,0.0768362897526044,0.05342729999938456
Alpine1,continuous,GA,30,82056,1000,1000,0.04996357740223854,0.04891260000022157
Alpine1,continuous,PSO,1,83027,1000,1000,1.845487182093264,0.007176899999649322
Alpine1,continuous,PSO,2,83028,1000,1000,1.960826834588436,0.008879500000148255
Alpine1,continuous,PSO,3,83029,1000,1000,2.6220955477600127,0.008249599999544444
Alpine1,continuous,PSO,4,83030,1000,1000,0.7060064019744902,0.007596499999635853
Alpine1,continuous,PSO,5,83031,1000,1000,2.4402096419828365,0.007774599999720522
Alpine1,continuous,PSO,6,83032,1000,1000,0.2978332505028275,0.007947500000227592
Alpine1,continuous,PSO,7,83033,1000,1000,1.6127996383892456,0.00750160000006872
Alpine1,continuous,PSO,8,83034,1000,1000,2.061377162771226,0.007881600000473554
Alpine1,continuous,PSO,9,83035,1000,1000,3.7792673618687624,0.007516699999541743
Alpine1,continuous,PSO,10,83036,1000,1000,0.8044651945246782,0.008637999999336898
Alpine1,continuous,PSO,11,83037,1000,1000,2.17560295422284,0.008295100000395905
Alpine1,continuous,PSO,12,83038,1000,1000,1.7973033754009815,0.008224000000154774
Alpine1,continuous,PSO,13,83039,1000,1000,1.1342124122689654,0.01004800000009709
Alpine1,continuous,PSO,14,83040,1000,1000,3.8749463544831233,0.009807899999941583
Alpine1,continuous,PSO,15,83041,1000,1000,0.7784678191383663,0.010972600000059174
Alpine1,continuous,PSO,16,83042,1000,1000,2.4725409575089055,0.009667400000580528
Alpine1,continuous,PSO,17,83043,1000,1000,0.5870588033291293,0.010602500000459258
Alpine1,continuous,PSO,18,83044,1000,1000,0.5479031062179981,0.009347899999738729
Alpine1,continuous,PSO,19,83045,1000,1000,0.3510904156284773,0.009329900000011548
Alpine1,continuous,PSO,20,83046,1000,1000,0.5645102788915485,0.011912799999663548
Alpine1,continuous,PSO,21,83047,1000,1000,3.4353919957984242,0.009180900000501424
Alpine1,continuous,PSO,22,83048,1000,1000,0.8958171090303794,0.009374799999932293
Alpine1,continuous,PSO,23,83049,1000,1000,0.8848140571623673,0.009961300000213669
Alpine1,continuous,PSO,24,83050,1000,1000,1.0954108514082896,0.007688599999710277
Alpine1,continuous,PSO,25,83051,1000,1000,0.7705556131907156,0.009744900000441703
Alpine1,continuous,PSO,26,83052,1000,1000,0.5449954893197209,0.008152700000209734
Alpine1,continuous,PSO,27,83053,1000,1000,1.0206585370401733,0.009835500000008324
Alpine1,continuous,PSO,28,83054,1000,1000,2.84530028944448,0.007242200000291632
Alpine1,continuous,PSO,29,83055,1000,1000,0.6901055357442057,0.011893099999724654
Alpine1,continuous,PSO,30,83056,1000,1000,1.293945271910507,0.009754499999871769
Alpine1,continuous,DE,1,84027,1000,1000,3.4808448645574703,0.04894409999997151
Alpine1,continuous,DE,2,84028,1000,1000,6.12756563613595,0.04239400000005844
Alpine1,continuous,DE,3,84029,1000,1000,5.567968298109646,0.0443264999994426
Alpine1,continuous,DE,4,84030,1000,1000,6.396100255813152,0.04337560000021767
Alpine1,continuous,DE,5,84031,1000,1000,6.575138189843058,0.04167479999978241
Alpine1,continuous,DE,6,84032,1000,1000,6.378515169943485,0.04473280000001978
Alpine1,continuous,DE,7,84033,1000,1000,4.062664056515464,0.10435690000031173
Alpine1,continuous,DE,8,84034,1000,1000,4.178409929392019,0.051472000000103435
Alpine1,continuous,DE,9,84035,1000,1000,5.338699343010497,0.046113899999909336
Alpine1,continuous,DE,10,84036,1000,1000,5.3915344518871215,0.04303609999988112
Alpine1,continuous,DE,11,84037,1000,1000,5.664259312565365,0.04172230000040145
Alpine1,continuous,DE,12,84038,1000,1000,4.0990334542240054,0.0444617000002836
Alpine1,continuous,DE,13,84039,1000,1000,4.9469506256646305,0.04742379999970581
Alpine1,continuous,DE,14,84040,1000,1000,5.788976991816598,0.04951170000003913
Alpine1,continuous,DE,15,84041,1000,1000,5.746980138078788,0.0473031000001356
Alpine1,continuous,DE,16,84042,1000,1000,4.286381726043026,0.052147100000183855
Alpine1,continuous,DE,17,84043,1000,1000,5.85598695587907,0.058935800000654126
Alpine1,continuous,DE,18,84044,1000,1000,4.531284313704425,0.0573924000000261
Alpine1,continuous,DE,19,84045,1000,1000,4.3871401739734734,0.056515199999921606
Alpine1,continuous,DE,20,84046,1000,1000,5.17871521012746,0.04702300000008108
Alpine1,continuous,DE,21,84047,1000,1000,4.349224476434856,0.04419910000069649
Alpine1,continuous,DE,22,84048,1000,1000,3.940006636065338,0.05138910000005126
Alpine1,continuous,DE,23,84049,1000,1000,7.062254674732162,0.049355000000105065
Alpine1,continuous,DE,24,84050,1000,1000,5.936082246158797,0.0521521999999095
Alpine1,continuous,DE,25,84051,1000,1000,5.520619872783033,0.05155339999964781
Alpine1,continuous,DE,26,84052,1000,1000,3.9290376007134755,0.0513807999996061
Alpine1,continuous,DE,27,84053,1000,1000,6.674014882937762,0.05244070000026113
Alpine1,continuous,DE,28,84054,1000,1000,2.5284456421595163,0.053579500000523694
Alpine1,continuous,DE,29,84055,1000,1000,4.5538936687559,0.05454910000025848
Alpine1,continuous,DE,30,84056,1000,1000,5.664822624816245,0.04932250000001659
Alpine1,continuous,MonteCarlo,1,85027,1000,1000,6.435540107471459,0.02409579999948619
Alpine1,continuous,MonteCarlo,2,85028,1000,1000,7.159562917006369,0.021784699999443546
Alpine1,continuous,MonteCarlo,3,85029,1000,1000,6.062255621808758,0.02149840000038239
Alpine1,continuous,MonteCarlo,4,85030,1000,1000,7.63463741798348,0.021293300000252202
Alpine1,continuous,MonteCarlo,5,85031,1000,1000,7.0808320621727345,0.02309860000059416
Alpine1,continuous,MonteCarlo,6,85032,1000,1000,4.843278153635241,0.031025299999782874
Alpine1,continuous,MonteCarlo,7,85033,1000,1000,7.26219939061574,0.03416250000009313
Alpine1,continuous,MonteCarlo,8,85034,1000,1000,6.2123687262995615,0.02897780000057537
Alpine1,continuous,MonteCarlo,9,85035,1000,1000,7.6379454317488324,0.022840499999801978
Alpine1,continuous,MonteCarlo,10,85036,1000,1000,6.739389082583926,0.020975800000087474
Alpine1,continuous,MonteCarlo,11,85037,1000,1000,8.19753301058932,0.022218400000383554
Alpine1,continuous,MonteCarlo,12,85038,1000,1000,7.8642456716873435,0.022665800000140734
Alpine1,continuous,MonteCarlo,13,85039,1000,1000,7.1800193716974645,0.022666199999548553
Alpine1,continuous,MonteCarlo,14,85040,1000,1000,6.801453525659509,0.024396199999500823
Alpine1,continuous,MonteCarlo,15,85041,1000,1000,5.336943092106145,0.023277399999642512
Alpine1,continuous,MonteCarlo,16,85042,1000,1000,7.0298088672854675,0.01997529999971448
Alpine1,continuous,MonteCarlo,17,85043,1000,1000,7.78848756326011,0.02443760000005568
Alpine1,continuous,MonteCarlo,18,85044,1000,1000,7.720887336365945,0.01991009999983362
Alpine1,continuous,MonteCarlo,19,85045,1000,1000,6.353487286872536,0.020782800000233692
Alpine1,continuous,MonteCarlo,20,85046,1000,1000,4.156406712993351,0.0217969000004814
Alpine1,continuous,MonteCarlo,21,85047,1000,1000,7.308322716699007,0.023574200000439305
Alpine1,continuous,MonteCarlo,22,85048,1000,1000,6.899695611055582,0.026413999999931548
Alpine1,continuous,MonteCarlo,23,85049,1000,1000,6.237196672126708,0.018572999999378226
Alpine1,continuous,MonteCarlo,24,85050,1000,1000,8.014910499575825,0.018746699999610428
Alpine1,continuous,MonteCarlo,25,85051,1000,1000,6.33287206083,0.017353100000036648
Alpine1,continuous,MonteCarlo,26,85052,1000,1000,4.975380516750798,0.01917649999995774
Alpine1,continuous,MonteCarlo,27,85053,1000,1000,7.4923840762089196,0.0197067999997671
Alpine1,continuous,MonteCarlo,28,85054,1000,1000,5.556868218811232,0.07411830000000919
Alpine1,continuous,MonteCarlo,29,85055,1000,1000,6.25628200146697,0.035761099999945145
Alpine1,continuous,MonteCarlo,30,85056,1000,1000,6.418100405632112,0.033067100000153005
StyblinskiTang,continuous,GA,1,92027,1000,1000,-270.7508275463406,0.07582149999961985
StyblinskiTang,continuous,GA,2,92028,1000,1000,-284.59975353893503,0.05979950000073586
StyblinskiTang,continuous,GA,3,92029,1000,1000,-269.5070082006906,0.07242330000008224
StyblinskiTang,continuous,GA,4,92030,1000,1000,-284.8829997226803,0.09311109999998735
StyblinskiTang,continuous,GA,5,92031,1000,1000,-270.8540652907323,0.0748265000001993
StyblinskiTang,continuous,GA,6,92032,1000,1000,-270.38156307043107,0.05641909999940253
StyblinskiTang,continuous,GA,7,92033,1000,1000,-284.731428620697,0.05722729999979492
StyblinskiTang,continuous,GA,8,92034,1000,1000,-269.61414479888583,0.0674101000004157
StyblinskiTang,continuous,GA,9,92035,1000,1000,-270.12216113601517,0.07282959999974992
StyblinskiTang,continuous,GA,10,92036,1000,1000,-270.3137675827942,0.06625239999993937
StyblinskiTang,continuous,GA,11,92037,1000,1000,-284.7454076594057,0.06388940000033472
StyblinskiTang,continuous,GA,12,92038,1000,1000,-284.79794500747505,0.07249740000042948
StyblinskiTang,continuous,GA,13,92039,1000,1000,-284.14485742629876,0.07103009999991627
StyblinskiTang,continuous,GA,14,92040,1000,1000,-270.6346131772914,0.06795489999967685
StyblinskiTang,continuous,GA,15,92041,1000,1000,-270.77010070027154,0.07436179999967862
StyblinskiTang,continuous,GA,16,92042,1000,1000,-256.14991926666835,0.0589616000006572
StyblinskiTang,continuous,GA,17,92043,1000,1000,-284.37513648238394,0.08638049999990471
StyblinskiTang,continuous,GA,18,92044,1000,1000,-270.60786944771377,0.0640265999991243
StyblinskiTang,continuous,GA,19,92045,1000,1000,-298.9013426580404,0.0727841999996599
StyblinskiTang,continuous,GA,20,92046,1000,1000,-298.38854140829824,0.06280259999948612
StyblinskiTang,continuous,GA,21,92047,1000,1000,-312.70378114615806,0.06593139999949926
StyblinskiTang,continuous,GA,22,92048,1000,1000,-298.6349525282497,0.061064199999236735
StyblinskiTang,continuous,GA,23,92049,1000,1000,-270.51513970478214,0.05914010000014969
StyblinskiTang,continuous,GA,24,92050,1000,1000,-284.51724548806374,0.06098999999994703
StyblinskiTang,continuous,GA,25,92051,1000,1000,-284.0825586552367,0.061582000000271364
StyblinskiTang,continuous,GA,26,92052,1000,1000,-312.40707940786467,0.055370099999890954
StyblinskiTang,continuous,GA,27,92053,1000,1000,-298.7322650666001,0.05427550000058545
StyblinskiTang,continuous,GA,28,92054,1000,1000,-283.6317162502505,0.0513797000003251
StyblinskiTang,continuous,GA,29,92055,1000,1000,-298.83776900909606,0.06585059999997611
StyblinskiTang,continuous,GA,30,92056,1000,1000,-284.02422962739644,0.0633840999998938
StyblinskiTang,continuous,PSO,1,93027,1000,1000,-298.1953767566624,0.012934499999573745
StyblinskiTang,continuous,PSO,2,93028,1000,1000,-309.39767652745553,0.011419999999816355
StyblinskiTang,continuous,PSO,3,93029,1000,1000,-269.28064430585766,0.011005999999724736
StyblinskiTang,continuous,PSO,4,93030,1000,1000,-270.283414098056,0.013657499999681022
StyblinskiTang,continuous,PSO,5,93031,1000,1000,-256.3752624816863,0.012747699999636097
StyblinskiTang,continuous,PSO,6,93032,1000,1000,-295.0881561920948,0.01135080000040034
StyblinskiTang,continuous,PSO,7,93033,1000,1000,-270.0944097461186,0.010612800000671996
StyblinskiTang,continuous,PSO,8,93034,1000,1000,-312.4160083301469,0.012012700000013865
StyblinskiTang,continuous,PSO,9,93035,1000,1000,-311.93408402978366,0.011800299999777053
StyblinskiTang,continuous,PSO,10,93036,1000,1000,-283.47141062027526,0.015430700000251818
StyblinskiTang,continuous,PSO,11,93037,1000,1000,-280.1103520874912,0.010453800000504998
StyblinskiTang,continuous,PSO,12,93038,1000,1000,-311.57326432318894,0.014271500000177184
StyblinskiTang,continuous,PSO,13,93039,1000,1000,-264.3863634574915,0.012030400000185182
StyblinskiTang,continuous,PSO,14,93040,1000,1000,-242.4182168795524,0.011363900000105787
StyblinskiTang,continuous,PSO,15,93041,1000,1000,-295.85059350570106,0.010815800000273157
StyblinskiTang,continuous,PSO,16,93042,1000,1000,-283.13568462199873,0.01127840000026481
StyblinskiTang,continuous,PSO,17,93043,1000,1000,-295.93579199281123,0.011760899999899266
StyblinskiTang,continuous,PSO,18,93044,1000,1000,-283.63241337273234,0.010964300000523508
StyblinskiTang,continuous,PSO,19,93045,1000,1000,-264.68790231416904,0.012421299999914481
StyblinskiTang,continuous,PSO,20,93046,1000,1000,-256.1656254018586,0.011485600000014529
StyblinskiTang,continuous,PSO,21,93047,1000,1000,-295.4382479216773,0.011486299999887706
StyblinskiTang,continuous,PSO,22,93048,1000,1000,-296.1036393274896,0.010374299999966752
StyblinskiTang,continuous,PSO,23,93049,1000,1000,-312.9559290431128,0.012805399999706424
StyblinskiTang,continuous,PSO,24,93050,1000,1000,-283.2481887452127,0.011886000000231434
StyblinskiTang,continuous,PSO,25,93051,1000,1000,-284.7146607474191,0.010975499999403837
StyblinskiTang,continuous,PSO,26,93052,1000,1000,-255.91065382455605,0.011697899999489891
StyblinskiTang,continuous,PSO,27,93053,1000,1000,-280.027261507093,0.010975399999551883
StyblinskiTang,continuous,PSO,28,93054,1000,1000,-297.991542497743,0.01439089999985299
StyblinskiTang,continuous,PSO,29,93055,1000,1000,-265.7099117951102,0.013489400000253227
StyblinskiTang,continuous,PSO,30,93056,1000,1000,-296.645329411297,0.012970199999472243
StyblinskiTang,continuous,DE,1,94027,1000,1000,-211.97398762668672,0.060410899999624235
StyblinskiTang,continuous,DE,2,94028,1000,1000,-237.7088725591144,0.061573300000418385
StyblinskiTang,continuous,DE,3,94029,1000,1000,-232.10342750835116,0.06163410000044678
StyblinskiTang,continuous,DE,4,94030,1000,1000,-256.8348682948538,0.061558500000501226
StyblinskiTang,continuous,DE,5,94031,1000,1000,-216.1854634986163,0.05758349999996426
StyblinskiTang,continuous,DE,6,94032,1000,1000,-232.3877952686965,0.07052230000044801
StyblinskiTang,continuous,DE,7,94033,1000,1000,-224.006098205563,0.08269709999967745
StyblinskiTang,continuous,DE,8,94034,1000,1000,-215.2115456708541,0.06707749999986845
StyblinskiTang,continuous,DE,9,94035,1000,1000,-217.17636971864692,0.05779089999941789
StyblinskiTang,continuous,DE,10,94036,1000,1000,-236.6441977242455,0.0642031000006682
StyblinskiTang,continuous,DE,11,94037,1000,1000,-237.5060402809268,0.06346929999926942
StyblinskiTang,continuous,DE,12,94038,1000,1000,-221.42309996804914,0.06235099999958038
StyblinskiTang,continuous,DE,13,94039,1000,1000,-242.30315119717022,0.06220260000009148
StyblinskiTang,continuous,DE,14,94040,1000,1000,-220.61199431516792,0.057873700000527606
StyblinskiTang,continuous,DE,15,94041,1000,1000,-211.19068039654485,0.06487650000053691
StyblinskiTang,continuous,DE,16,94042,1000,1000,-247.07149633637857,0.06451919999926758
StyblinskiTang,continuous,DE,17,94043,1000,1000,-225.74246988517825,0.053887500000200816
StyblinskiTang,continuous,DE,18,94044,1000,1000,-231.7101689660139,0.05099809999956051
StyblinskiTang,continuous,DE,19,94045,1000,1000,-207.2234782267752,0.05143730000054347
StyblinskiTang,continuous,DE,20,94046,1000,1000,-256.5349396228298,0.057588799999393814
StyblinskiTang,continuous,DE,21,94047,1000,1000,-227.81836175391535,0.07112689999939903
StyblinskiTang,continuous,DE,22,94048,1000,1000,-214.8590550709223,0.05407439999999042
StyblinskiTang,continuous,DE,23,94049,1000,1000,-226.92010131528806,0.05421360000036657
StyblinskiTang,continuous,DE,24,94050,1000,1000,-241.6645848096007,0.05461190000005445
StyblinskiTang,continuous,DE,25,94051,1000,1000,-252.07477237037048,0.053083600000718434
StyblinskiTang,continuous,DE,26,94052,1000,1000,-240.65658277671062,0.054843300000356976
StyblinskiTang,continuous,DE,27,94053,1000,1000,-205.41539772282897,0.04857799999990675
StyblinskiTang,continuous,DE,28,94054,1000,1000,-230.70946004582402,0.06455929999992804
StyblinskiTang,continuous,DE,29,94055,1000,1000,-231.8293092719968,0.05077039999923727
StyblinskiTang,continuous,DE,30,94056,1000,1000,-227.9840896604844,0.08391610000035143
StyblinskiTang,continuous,MonteCarlo,1,95027,1000,1000,-222.69477510697692,0.029365899999902467
StyblinskiTang,continuous,MonteCarlo,2,95028,1000,1000,-261.49289867196944,0.035060400000475056
StyblinskiTang,continuous,MonteCarlo,3,95029,1000,1000,-243.52133938738956,0.027258200000687793
StyblinskiTang,continuous,MonteCarlo,4,95030,1000,1000,-212.797843064708,0.02861679999932676
StyblinskiTang,continuous,MonteCarlo,5,95031,1000,1000,-215.17980762495557,0.03507290000015928
StyblinskiTang,continuous,MonteCarlo,6,95032,1000,1000,-233.28205463410592,0.03486059999977442
StyblinskiTang,continuous,MonteCarlo,7,95033,1000,1000,-242.6937645071929,0.03014580000035494
StyblinskiTang,continuous,MonteCarlo,8,95034,1000,1000,-226.65891603008407,0.07871979999981704
StyblinskiTang,continuous,MonteCarlo,9,95035,1000,1000,-252.61220746558433,0.03735510000024078
StyblinskiTang,continuous,MonteCarlo,10,95036,1000,1000,-232.3178046828334,0.030222200000025623
StyblinskiTang,continuous,MonteCarlo,11,95037,1000,1000,-216.05393951191436,0.03096650000043155
StyblinskiTang,continuous,MonteCarlo,12,95038,1000,1000,-228.55431421205353,0.025858599999992293
StyblinskiTang,continuous,MonteCarlo,13,95039,1000,1000,-227.4497048356473,0.028068800000255578
StyblinskiTang,continuous,MonteCarlo,14,95040,1000,1000,-238.22381937615825,0.030225200000131736
StyblinskiTang,continuous,MonteCarlo,15,95041,1000,1000,-233.97069194151322,0.02705370000057883
StyblinskiTang,continuous,MonteCarlo,16,95042,1000,1000,-249.74459908622717,0.02745229999982257
StyblinskiTang,continuous,MonteCarlo,17,95043,1000,1000,-213.32332915541684,0.027406600000176695
StyblinskiTang,continuous,MonteCarlo,18,95044,1000,1000,-240.38217644403613,0.02701009999964299
StyblinskiTang,continuous,MonteCarlo,19,95045,1000,1000,-246.40677051437052,0.025290100000347593
StyblinskiTang,continuous,MonteCarlo,20,95046,1000,1000,-232.85590086315642,0.025350799999614537
StyblinskiTang,continuous,MonteCarlo,21,95047,1000,1000,-223.82655865208145,0.021669800000381656
StyblinskiTang,continuous,MonteCarlo,22,95048,1000,1000,-215.4760348128055,0.025876900000184833
StyblinskiTang,continuous,MonteCarlo,23,95049,1000,1000,-227.28709452097894,0.02644770000006247
StyblinskiTang,continuous,MonteCarlo,24,95050,1000,1000,-246.7073561292574,0.02218410000023141
StyblinskiTang,continuous,MonteCarlo,25,95051,1000,1000,-250.09684886609318,0.023360399999546644
StyblinskiTang,continuous,MonteCarlo,26,95052,1000,1000,-214.91037080138517,0.021811499999785156
StyblinskiTang,continuous,MonteCarlo,27,95053,1000,1000,-220.4528255415362,0.02284689999942202
StyblinskiTang,continuous,MonteCarlo,28,95054,1000,1000,-235.60951434802584,0.022418300000026647
StyblinskiTang,continuous,MonteCarlo,29,95055,1000,1000,-225.83242502327266,0.023161500000242086
StyblinskiTang,continuous,MonteCarlo,30,95056,1000,1000,-245.1077206774912,0.023168400000031397
Salomon,continuous,GA,1,102027,1000,1000,0.6257552721535146,0.04586620000009134
Salomon,continuous,GA,2,102028,1000,1000,0.612214254152327,0.05058530000042083
Salomon,continuous,GA,3,102029,1000,1000,0.5389072644972079,0.04840760000024602
Salomon,continuous,GA,4,102030,1000,1000,0.4112190532375929,0.050222500000018044
Salomon,continuous,GA,5,102031,1000,1000,0.5021667949735182,0.04515910000009171
Salomon,continuous,GA,6,102032,1000,1000,0.7034862779917458,0.04681110000001354
Salomon,continuous,GA,7,102033,1000,1000,0.6247938669814249,0.04508160000023054
Salomon,continuous,GA,8,102034,1000,1000,0.6010769612292863,0.043633399999635
Salomon,continuous,GA,9,102035,1000,1000,0.5117584983709371,0.04428290000032575
Salomon,continuous,GA,10,102036,1000,1000,0.4991377647165376,0.04547739999998157
Salomon,continuous,GA,11,102037,1000,1000,0.6999069929202916,0.04733769999984361
Salomon,continuous,GA,12,102038,1000,1000,0.4180571632901841,0.04524480000054609
Salomon,continuous,GA,13,102039,1000,1000,0.3001667478214111,0.04878519999965647
Salomon,continuous,GA,14,102040,1000,1000,0.6097047679624307,0.04541380000046047
Salomon,continuous,GA,15,102041,1000,1000,0.40370540633643864,0.045943199999783246
Salomon,continuous,GA,16,102042,1000,1000,0.6816298700214053,0.04457060000004276
Salomon,continuous,GA,17,102043,1000,1000,0.6982565787813774,0.04739800000061223
Salomon,continuous,GA,18,102044,1000,1000,0.5083004628458327,0.04911580000043614
Salomon,continuous,GA,19,102045,1000,1000,0.5058109894615419,0.06447140000000218
Salomon,continuous,GA,20,102046,1000,1000,0.5273570383900226,0.05777730000045267
Salomon,continuous,GA,21,102047,1000,1000,0.523016435824367,0.05983529999957682
Salomon,continuous,GA,22,102048,1000,1000,0.4011707793416762,0.07663439999942057
Salomon,continuous,GA,23,102049,1000,1000,0.5000779992451047,0.07964859999992768
Salomon,continuous,GA,24,102050,1000,1000,0.30041159145272195,0.07898139999997511
Salomon,continuous,GA,25,102051,1000,1000,0.6016749526682666,0.07856939999965107
Salomon,continuous,GA,26,102052,1000,1000,1.0016725744971136,0.07141940000019531
Salomon,continuous,GA,27,102053,1000,1000,0.6036009219113411,0.07216410000000906
Salomon,continuous,GA,28,102054,1000,1000,0.7555686951940522,0.06359500000053231
Salomon,continuous,GA,29,102055,1000,1000,0.32368590593946905,0.07043950000024779
Salomon,continuous,GA,30,102056,1000,1000,0.7998742520851295,0.063000799999827
Salomon,continuous,PSO,1,103027,1000,1000,0.60003168700173,0.00901239999984682
Salomon,continuous,PSO,2,103028,1000,1000,1.116380365153034,0.011175800000273739
Salomon,continuous,PSO,3,103029,1000,1000,1.3202466458777398,0.009527500000331202
Salomon,continuous,PSO,4,103030,1000,1000,1.1086016280789035,0.026301799999600917
Salomon,continuous,PSO,5,103031,1000,1000,1.314791370384885,0.034998000000086904
Salomon,continuous,PSO,6,103032,1000,1000,1.4088816103959108,0.026204699999652803
Salomon,continuous,PSO,7,103033,1000,1000,1.3138967491694673,0.02130010000018956
Salomon,continuous,PSO,8,103034,1000,1000,1.3027803289702946,0.05428529999971943
Salomon,continuous,PSO,9,103035,1000,1000,1.3514117272990425,0.028820399999858637
Salomon,continuous,PSO,10,103036,1000,1000,0.8760962129400743,0.023710500000561296
Salomon,continuous,PSO,11,103037,1000,1000,0.6884080910332034,0.020487199999479344
Salomon,continuous,PSO,12,103038,1000,1000,1.740019565590452,0.01300699999956123
Salomon,continuous,PSO,13,103039,1000,1000,1.2559854267348003,0.012616699999853154
Salomon,continuous,PSO,14,103040,1000,1000,1.2021890574970664,0.01043149999986781
Salomon,continuous,PSO,15,103041,1000,1000,1.1548796719997148,0.008675300000504649
Salomon,continuous,PSO,16,103042,1000,1000,1.300510846589101,0.011198399999557296
Salomon,continuous,PSO,17,103043,1000,1000,1.105554908748723,0.014086399999541754
Salomon,continuous,PSO,18,103044,1000,1000,1.0014840413552983,0.014806099999987055
Salomon,continuous,PSO,19,103045,1000,1000,0.9286871065233727,0.013183699999899545
Salomon,continuous,PSO,20,103046,1000,1000,1.2508863349538382,0.013380200000028708
Salomon,continuous,PSO,21,103047,1000,1000,1.4034111449252609,0.018351200000324752
Salomon,continuous,PSO,22,103048,1000,1000,1.9788317791555712,0.019849600000270584
Salomon,continuous,PSO,23,103049,1000,1000,1.418562444603863,0.016781000000264612
Salomon,continuous,PSO,24,103050,1000,1000,1.2606983051027734,0.011831400000119174
Salomon,continuous,PSO,25,103051,1000,1000,1.1239496158553717,0.008596200000283716
Salomon,continuous,PSO,26,103052,1000,1000,1.109347089021497,0.009236999999302498
Salomon,continuous,PSO,27,103053,1000,1000,1.4780091275773852,0.009056400000190479
Salomon,continuous,PSO,28,103054,1000,1000,1.2553205701120318,0.008692599999449158
Salomon,continuous,PSO,29,103055,1000,1000,0.9551713226029076,0.00871389999974781
Salomon,continuous,PSO,30,103056,1000,1000,0.640978447246873,0.00825879999956669
Salomon,continuous,DE,1,104027,1000,1000,3.957832905254836,0.06933599999956641
Salomon,continuous,DE,2,104028,1000,1000,3.499915340677314,0.0794052000001102
Salomon,continuous,DE,3,104029,1000,1000,2.827851661426326,0.07512909999968542
Salomon,continuous,DE,4,104030,1000,1000,3.438142282237244,0.06439460000001418
Salomon,continuous,DE,5,104031,1000,1000,2.6882009422495186,0.057339500000125554
Salomon,continuous,DE,6,104032,1000,1000,4.63422532281794,0.054070499999397725
Salomon,continuous,DE,7,104033,1000,1000,3.1366579918494564,0.055712299999868264
Salomon,continuous,DE,8,104034,1000,1000,3.2399136175602763,0.05654190000041126
Salomon,continuous,DE,9,104035,1000,1000,3.1379963307844005,0.061042299999826355
Salomon,continuous,DE,10,104036,1000,1000,4.905191596348775,0.0547193000002153
Salomon,continuous,DE,11,104037,1000,1000,2.8072045008468116,0.06292949999988195
Salomon,continuous,DE,12,104038,1000,1000,4.100221970940546,0.053063999999722
Salomon,continuous,DE,13,104039,1000,1000,3.426487883027501,0.05133250000017142
Salomon,continuous,DE,14,104040,1000,1000,2.8835842561492164,0.09981250000055297
Salomon,continuous,DE,15,104041,1000,1000,3.299877517044101,0.060728000000381144
Salomon,continuous,DE,16,104042,1000,1000,4.210233707663228,0.04959950000011304
Salomon,continuous,DE,17,104043,1000,1000,3.208873200668567,0.049936999999772524
Salomon,continuous,DE,18,104044,1000,1000,3.92999357996643,0.046935600000324484
Salomon,continuous,DE,19,104045,1000,1000,5.0998733487253425,0.04429400000026362
Salomon,continuous,DE,20,104046,1000,1000,3.1208835348152855,0.04605790000005072
Salomon,continuous,DE,21,104047,1000,1000,2.580183337212283,0.042222200000651355
Salomon,continuous,DE,22,104048,1000,1000,4.1772291395893255,0.056236899999930756
Salomon,continuous,DE,23,104049,1000,1000,2.6976146851546234,0.06784040000002278
Salomon,continuous,DE,24,104050,1000,1000,3.112673151286287,0.13104939999993803
Salomon,continuous,DE,25,104051,1000,1000,3.155752027830041,0.07112099999994825
Salomon,continuous,DE,26,104052,1000,1000,3.0143013545997848,0.058596400000169524
Salomon,continuous,DE,27,104053,1000,1000,3.5440858061495963,0.052164900000207126
Salomon,continuous,DE,28,104054,1000,1000,2.928353707812585,0.04579780000040046
Salomon,continuous,DE,29,104055,1000,1000,3.062300597077784,0.052815799999734736
Salomon,continuous,DE,30,104056,1000,1000,4.133734335707462,0.05381920000036189
Salomon,continuous,MonteCarlo,1,105027,1000,1000,7.655913895722382,0.020497299999988172
Salomon,continuous,MonteCarlo,2,105028,1000,1000,6.305980702516169,0.025967499999751453
Salomon,continuous,MonteCarlo,3,105029,1000,1000,7.655348763061172,0.022984499999438412
Salomon,continuous,MonteCarlo,4,105030,1000,1000,9.140509005578261,0.025607500000660366
Salomon,continuous,MonteCarlo,5,105031,1000,1000,9.147118994878216,0.021324600000298233
Salomon,continuous,MonteCarlo,6,105032,1000,1000,7.548760470436599,0.019917000000532425
Salomon,continuous,MonteCarlo,7,105033,1000,1000,6.997136612882111,0.01885099999981321
Salomon,continuous,MonteCarlo,8,105034,1000,1000,7.135655985637324,0.02054619999944407
Salomon,continuous,MonteCarlo,9,105035,1000,1000,5.56100711864122,0.017423100000087288
Salomon,continuous,MonteCarlo,10,105036,1000,1000,8.107162319589412,0.019961699999839766
Salomon,continuous,MonteCarlo,11,105037,1000,1000,6.006217250736873,0.01925459999984014
Salomon,continuous,MonteCarlo,12,105038,1000,1000,8.001436688695899,0.019709600000169303
Salomon,continuous,MonteCarlo,13,105039,1000,1000,8.480074983939287,0.018170700000155193
Salomon,continuous,MonteCarlo,14,105040,1000,1000,5.813386461191634,0.01976349999949889
Salomon,continuous,MonteCarlo,15,105041,1000,1000,4.9575509505837605,0.021527400000195485
Salomon,continuous,MonteCarlo,16,105042,1000,1000,8.433098321346758,0.022907999999915774
Salomon,continuous,MonteCarlo,17,105043,1000,1000,8.616321373572537,0.022419400000217138
Salomon,continuous,MonteCarlo,18,105044,1000,1000,6.000038116324297,0.02104719999988447
Salomon,continuous,MonteCarlo,19,105045,1000,1000,8.071899003634627,0.021847400000297057
Salomon,continuous,MonteCarlo,20,105046,1000,1000,8.571235644565895,0.021813999999722
Salomon,continuous,MonteCarlo,21,105047,1000,1000,8.275899437692305,0.02321639999991021
Salomon,continuous,MonteCarlo,22,105048,1000,1000,7.4218382868551815,0.023235399999975925
Salomon,continuous,MonteCarlo,23,105049,1000,1000,7.26264303020095,0.024322899999788206
Salomon,continuous,MonteCarlo,24,105050,1000,1000,8.469057247605667,0.02475460000005114
Salomon,continuous,MonteCarlo,25,105051,1000,1000,8.008355077042598,0.024863200000254437
Salomon,continuous,MonteCarlo,26,105052,1000,1000,8.219552677720921,0.024441900000056194
Salomon,continuous,MonteCarlo,27,105053,1000,1000,5.646797479256607,0.02406280000013794
Salomon,continuous,MonteCarlo,28,105054,1000,1000,7.2430689772850485,0.02351589999943826
Salomon,continuous,MonteCarlo,29,105055,1000,1000,7.310601926429164,0.02279259999977512
Salomon,continuous,MonteCarlo,30,105056,1000,1000,7.227982896576275,0.023017299999992247
DixonPrice,continuous,GA,1,112027,1000,1000,2.845464076616103,0.05793930000072578
DixonPrice,continuous,GA,2,112028,1000,1000,0.8541422927974122,0.051270300000396674
DixonPrice,continuous,GA,3,112029,1000,1000,0.8279571598477574,0.04884390000006533
DixonPrice,continuous,GA,4,112030,1000,1000,0.8177854510361535,0.05342949999976554
DixonPrice,continuous,GA,5,112031,1000,1000,0.7674234994298411,0.06099099999937607
DixonPrice,continuous,GA,6,112032,1000,1000,0.7410997133236923,0.05937199999971199
DixonPrice,continuous,GA,7,112033,1000,1000,0.7383411579017454,0.05688480000026175
DixonPrice,continuous,GA,8,112034,1000,1000,0.7746090548218363,0.047350400000141235
DixonPrice,continuous,GA,9,112035,1000,1000,1.2727522849707047,0.05519639999965875
DixonPrice,continuous,GA,10,112036,1000,1000,1.5218583530003722,0.0604737000003297
DixonPrice,continuous,GA,11,112037,1000,1000,1.2616273585837385,0.058199200000672136
DixonPrice,continuous,GA,12,112038,1000,1000,0.7154701718648729,0.05700590000014927
DixonPrice,continuous,GA,13,112039,1000,1000,0.7690891240987104,0.0512843000005887
DixonPrice,continuous,GA,14,112040,1000,1000,1.6692870640375859,0.05152350000025763
DixonPrice,continuous,GA,15,112041,1000,1000,0.7993284146429029,0.04971990000012738
DixonPrice,continuous,GA,16,112042,1000,1000,1.4205031788391695,0.05259779999960301
DixonPrice,continuous,GA,17,112043,1000,1000,1.390441003022012,0.04859420000047976
DixonPrice,continuous,GA,18,112044,1000,1000,0.8367759925886409,0.05142169999999169
DixonPrice,continuous,GA,19,112045,1000,1000,1.3597136416949402,0.05552520000037475
DixonPrice,continuous,GA,20,112046,1000,1000,1.6086421355968972,0.05977089999942109
DixonPrice,continuous,GA,21,112047,1000,1000,0.9790181197817254,0.05892530000073748
DixonPrice,continuous,GA,22,112048,1000,1000,1.2016618712524834,0.05076829999961774
DixonPrice,continuous,GA,23,112049,1000,1000,0.9397274633135735,0.04845899999963876
DixonPrice,continuous,GA,24,112050,1000,1000,1.1876300934828545,0.044407200000023295
DixonPrice,continuous,GA,25,112051,1000,1000,2.02084150075524,0.044625900000028196
DixonPrice,continuous,GA,26,112052,1000,1000,1.0080247671307563,0.04580660000010539
DixonPrice,continuous,GA,27,112053,1000,1000,0.9653748310468063,0.048549399999501475
DixonPrice,continuous,GA,28,112054,1000,1000,0.7639768516789937,0.0531940000000759
DixonPrice,continuous,GA,29,112055,1000,1000,0.723856292964355,0.049272499999460706
DixonPrice,continuous,GA,30,112056,1000,1000,1.1146721061584635,0.048345100000005914
DixonPrice,continuous,PSO,1,113027,1000,1000,1.036748352219484,0.006927299999915704
DixonPrice,continuous,PSO,2,113028,1000,1000,1.6551250089642044,0.0076628999995591585
DixonPrice,continuous,PSO,3,113029,1000,1000,19.31761953077735,0.00812080000014248
DixonPrice,continuous,PSO,4,113030,1000,1000,1.578901532974234,0.007297300000573159
DixonPrice,continuous,PSO,5,113031,1000,1000,7.879339291474071,0.0069682000003012945
DixonPrice,continuous,PSO,6,113032,1000,1000,4.491374828876533,0.007314999999834981
DixonPrice,continuous,PSO,7,113033,1000,1000,3.594157895839945,0.006957900000088557
DixonPrice,continuous,PSO,8,113034,1000,1000,1.0764314758675764,0.006911399999808054
DixonPrice,continuous,PSO,9,113035,1000,1000,132.44464755538067,0.007576099999823782
DixonPrice,continuous,PSO,10,113036,1000,1000,1.5217337048002575,0.008045599999604747
DixonPrice,continuous,PSO,11,113037,1000,1000,83.01088515996888,0.007894999999734864
DixonPrice,continuous,PSO,12,113038,1000,1000,2.3890322099962864,0.006688499999654596
DixonPrice,continuous,PSO,13,113039,1000,1000,5.332984326117486,0.007079699999849254
DixonPrice,continuous,PSO,14,113040,1000,1000,12.759470492648276,0.0069554000001517124
DixonPrice,continuous,PSO,15,113041,1000,1000,30.177172790828497,0.007317000000512053
DixonPrice,continuous,PSO,16,113042,1000,1000,13.299248519057533,0.006544800000483519
DixonPrice,continuous,PSO,17,113043,1000,1000,92.23378255999648,0.007017400000222551
DixonPrice,continuous,PSO,18,113044,1000,1000,43.31706082579842,0.006681100000605511
DixonPrice,continuous,PSO,19,113045,1000,1000,2.2649503721517514,0.006192099999680067
DixonPrice,continuous,PSO,20,113046,1000,1000,3.0841907575795653,0.006806899999901361
DixonPrice,continuous,PSO,21,113047,1000,1000,0.8376288633544333,0.006658999999672233
DixonPrice,continuous,PSO,22,113048,1000,1000,4.078189368504316,0.008215699999709614
DixonPrice,continuous,PSO,23,113049,1000,1000,2.080342577910952,0.006744199999957345
DixonPrice,continuous,PSO,24,113050,1000,1000,3.5341928722483686,0.0073570000004110625
DixonPrice,continuous,PSO,25,113051,1000,1000,85.81181013046562,0.006071400000109861
DixonPrice,continuous,PSO,26,113052,1000,1000,1.4818634949272111,0.008839999999509018
DixonPrice,continuous,PSO,27,113053,1000,1000,5.650549093646447,0.006979400000091118
DixonPrice,continuous,PSO,28,113054,1000,1000,3.419363763052561,0.006732600000759703
DixonPrice,continuous,PSO,29,113055,1000,1000,5.0676650830376015,0.006567099999301718
DixonPrice,continuous,PSO,30,113056,1000,1000,7.368575912626126,0.006871000000501226
DixonPrice,continuous,DE,1,114027,1000,1000,134.51613268917936,0.05000960000052146
DixonPrice,continuous,DE,2,114028,1000,1000,146.34679337482777,0.0384342999996079
DixonPrice,continuous,DE,3,114029,1000,1000,182.80715325443487,0.04004239999994752
DixonPrice,continuous,DE,4,114030,1000,1000,355.3302426992472,0.06790190000083385
DixonPrice,continuous,DE,5,114031,1000,1000,189.51273577202176,0.05820479999965755
DixonPrice,continuous,DE,6,114032,1000,1000,346.56594109522035,0.06651910000073258
DixonPrice,continuous,DE,7,114033,1000,1000,126.01581207917793,0.08071680000011838
DixonPrice,continuous,DE,8,114034,1000,1000,64.74801557986218,0.07977779999964696
DixonPrice,continuous,DE,9,114035,1000,1000,155.75476973899757,0.06813180000062857
DixonPrice,continuous,DE,10,114036,1000,1000,156.85207677400768,0.04890910000085569
DixonPrice,continuous,DE,11,114037,1000,1000,81.20233682859445,0.05744090000007418
DixonPrice,continuous,DE,12,114038,1000,1000,178.4770461920911,0.05044809999981226
DixonPrice,continuous,DE,13,114039,1000,1000,203.92631132189763,0.05547999999998865
DixonPrice,continuous,DE,14,114040,1000,1000,170.29171460579323,0.06373220000023139
DixonPrice,continuous,DE,15,114041,1000,1000,37.426769634639335,0.046880699999746867
DixonPrice,continuous,DE,16,114042,1000,1000,315.72961624567847,0.04378199999973731
DixonPrice,continuous,DE,17,114043,1000,1000,93.49820129220083,0.04407580000042799
DixonPrice,continuous,DE,18,114044,1000,1000,128.52985917547832,0.043536999999560066
DixonPrice,continuous,DE,19,114045,1000,1000,46.010618453378655,0.04752710000047955
DixonPrice,continuous,DE,20,114046,1000,1000,160.69038320273575,0.049976999999671534
DixonPrice,continuous,DE,21,114047,1000,1000,70.68174479606748,0.06952449999971577
DixonPrice,continuous,DE,22,114048,1000,1000,300.7612089797415,0.06066850000024715
DixonPrice,continuous,DE,23,114049,1000,1000,271.7640937045534,0.052874099999826285
DixonPrice,continuous,DE,24,114050,1000,1000,6.32631813734102,0.05094660000031581
DixonPrice,continuous,DE,25,114051,1000,1000,63.38521035760138,0.04867089999970631
DixonPrice,continuous,DE,26,114052,1000,1000,19.917616662010666,0.04527020000023185
DixonPrice,continuous,DE,27,114053,1000,1000,160.55173109362144,0.0511543000002348
DixonPrice,continuous,DE,28,114054,1000,1000,284.08001770841685,0.04912899999999354
DixonPrice,continuous,DE,29,114055,1000,1000,97.81358134100041,0.04632540000056906
DixonPrice,continuous,DE,30,114056,1000,1000,131.53306993448467,0.057296599999972386
DixonPrice,continuous,MonteCarlo,1,115027,1000,1000,2232.6264284947265,0.026168200000029174
DixonPrice,continuous,MonteCarlo,2,115028,1000,1000,7455.502927415129,0.024525599999833503
DixonPrice,continuous,MonteCarlo,3,115029,1000,1000,5169.361425530963,0.028570599999511614
DixonPrice,continuous,MonteCarlo,4,115030,1000,1000,3427.646171508028,0.027293699999972887
DixonPrice,continuous,MonteCarlo,5,115031,1000,1000,5513.796093097552,0.02099469999939174
DixonPrice,continuous,MonteCarlo,6,115032,1000,1000,6395.974454008038,0.021392099999502534
DixonPrice,continuous,MonteCarlo,7,115033,1000,1000,3136.9407762965543,0.019690000000082364
DixonPrice,continuous,MonteCarlo,8,115034,1000,1000,6073.849659781637,0.018891900000198802
DixonPrice,continuous,MonteCarlo,9,115035,1000,1000,13829.21819985399,0.022762100000363716
DixonPrice,continuous,MonteCarlo,10,115036,1000,1000,6951.616709332324,0.02055439999912778
DixonPrice,continuous,MonteCarlo,11,115037,1000,1000,12881.205552464293,0.02061279999998078
DixonPrice,continuous,MonteCarlo,12,115038,1000,1000,20091.9858245725,0.018707899999753863
DixonPrice,continuous,MonteCarlo,13,115039,1000,1000,4151.678493381226,0.018845699999474164
DixonPrice,continuous,MonteCarlo,14,115040,1000,1000,2004.1698860289346,0.02197859999978391
DixonPrice,continuous,MonteCarlo,15,115041,1000,1000,11901.98921157598,0.018709700000727025
DixonPrice,continuous,MonteCarlo,16,115042,1000,1000,4914.677821649536,0.01900249999926018
DixonPrice,continuous,MonteCarlo,17,115043,1000,1000,6167.1463407890615,0.020505899999989197
DixonPrice,continuous,MonteCarlo,18,115044,1000,1000,6363.096445995258,0.02142080000066926
DixonPrice,continuous,MonteCarlo,19,115045,1000,1000,8075.619468472051,0.020326400000158173
DixonPrice,continuous,MonteCarlo,20,115046,1000,1000,4253.690450652942,0.021622299999762618
DixonPrice,continuous,MonteCarlo,21,115047,1000,1000,3622.3926769529335,0.027496799999426003
DixonPrice,continuous,MonteCarlo,22,115048,1000,1000,10944.137088771808,0.06944909999947413
DixonPrice,continuous,MonteCarlo,23,115049,1000,1000,2586.981584878685,0.04101189999983035
DixonPrice,continuous,MonteCarlo,24,115050,1000,1000,2571.228334605101,0.03369620000012219
DixonPrice,continuous,MonteCarlo,25,115051,1000,1000,4625.490127067153,0.027330899999469693
DixonPrice,continuous,MonteCarlo,26,115052,1000,1000,6672.96068568754,0.02402769999935117
DixonPrice,continuous,MonteCarlo,27,115053,1000,1000,5048.651016492747,0.023416699999870616
DixonPrice,continuous,MonteCarlo,28,115054,1000,1000,5621.187995986359,0.022673200000099314
DixonPrice,continuous,MonteCarlo,29,115055,1000,1000,3861.800298884103,0.02299129999937577
DixonPrice,continuous,MonteCarlo,30,115056,1000,1000,4202.304689053483,0.019938299999921583
GraphAlloc-Sparse-12,graph-resource-allocation,GA,1,122027,1000,1000,-8.975024601202351,0.09712129999934405
GraphAlloc-Sparse-12,graph-resource-allocation,GA,2,122028,1000,1000,-8.994559009650757,0.10223320000022795
GraphAlloc-Sparse-12,graph-resource-allocation,GA,3,122029,1000,1000,-8.98723954523798,0.08606240000062826
GraphAlloc-Sparse-12,graph-resource-allocation,GA,4,122030,1000,1000,-8.939701463947632,0.09864079999988462
GraphAlloc-Sparse-12,graph-resource-allocation,GA,5,122031,1000,1000,-9.001737102092251,0.09103899999990972
GraphAlloc-Sparse-12,graph-resource-allocation,GA,6,122032,1000,1000,-8.990070999966695,0.09212139999999636
GraphAlloc-Sparse-12,graph-resource-allocation,GA,7,122033,1000,1000,-9.000191767384687,0.10477650000029826
GraphAlloc-Sparse-12,graph-resource-allocation,GA,8,122034,1000,1000,-8.984722990249992,0.11348569999972824
GraphAlloc-Sparse-12,graph-resource-allocation,GA,9,122035,1000,1000,-8.933078293677262,0.15926089999993565
GraphAlloc-Sparse-12,graph-resource-allocation,GA,10,122036,1000,1000,-8.97327434922724,0.10278149999976449
GraphAlloc-Sparse-12,graph-resource-allocation,GA,11,122037,1000,1000,-8.99681915383651,0.12941779999982828
GraphAlloc-Sparse-12,graph-resource-allocation,GA,12,122038,1000,1000,-8.959208117087034,0.17385340000055294
GraphAlloc-Sparse-12,graph-resource-allocation,GA,13,122039,1000,1000,-8.985830127348835,0.13873960000000807
GraphAlloc-Sparse-12,graph-resource-allocation,GA,14,122040,1000,1000,-8.986912443597063,0.08117269999911514
GraphAlloc-Sparse-12,graph-resource-allocation,GA,15,122041,1000,1000,-8.992342247886457,0.09711820000029547
GraphAlloc-Sparse-12,graph-resource-allocation,GA,16,122042,1000,1000,-8.992572929157342,0.10160560000076657
GraphAlloc-Sparse-12,graph-resource-allocation,GA,17,122043,1000,1000,-8.99324127891458,0.07612699999936012
GraphAlloc-Sparse-12,graph-resource-allocation,GA,18,122044,1000,1000,-8.9552991034127,0.08800859999973909
GraphAlloc-Sparse-12,graph-resource-allocation,GA,19,122045,1000,1000,-8.98923028385864,0.09318370000073628
GraphAlloc-Sparse-12,graph-resource-allocation,GA,20,122046,1000,1000,-8.974140490029006,0.09435420000045269
GraphAlloc-Sparse-12,graph-resource-allocation,GA,21,122047,1000,1000,-8.972295704255137,0.10364920000029088
GraphAlloc-Sparse-12,graph-resource-allocation,GA,22,122048,1000,1000,-8.978161423379534,0.10151350000069215
GraphAlloc-Sparse-12,graph-resource-allocation,GA,23,122049,1000,1000,-8.980235619082528,0.09344020000025921
GraphAlloc-Sparse-12,graph-resource-allocation,GA,24,122050,1000,1000,-8.980941685170897,0.08496030000060273
GraphAlloc-Sparse-12,graph-resource-allocation,GA,25,122051,1000,1000,-8.954125772692656,0.08459059999950114
GraphAlloc-Sparse-12,graph-resource-allocation,GA,26,122052,1000,1000,-8.990685517093581,0.07854940000015631
GraphAlloc-Sparse-12,graph-resource-allocation,GA,27,122053,1000,1000,-8.976346014337155,0.07694439999977476
GraphAlloc-Sparse-12,graph-resource-allocation,GA,28,122054,1000,1000,-8.950229163443302,0.07724519999919721
GraphAlloc-Sparse-12,graph-resource-allocation,GA,29,122055,1000,1000,-8.981852596103314,0.08856660000037664
GraphAlloc-Sparse-12,graph-resource-allocation,GA,30,122056,1000,1000,-8.921074459716962,0.07854649999990215
GraphAlloc-Sparse-12,graph-resource-allocation,PSO,1,123027,1000,1000,-8.967142783745814,0.036476399999628484
GraphAlloc-Sparse-12,graph-resource-allocation,PSO,2,123028,1000,1000,-8.990611623567622,0.11506929999995918
GraphAlloc-Sparse-12,graph-resource-allocation,PSO,3,123029,1000,1000,-8.933156120714667,0.056612500000483124
GraphAlloc-Sparse-12,graph-resource-allocation,PSO,4,123030,1000,1000,-8.886162464385714,0.040400799999588344
GraphAlloc-Sparse-12,graph-resource-allocation,PSO,5,123031,1000,1000,-8.882997147507531,0.037788999999975204
GraphAlloc-Sparse-12,graph-resource-allocation,PSO,6,123032,1000,1000,-8.999638996604507,0.03726770000048418
GraphAlloc-Sparse-12,graph-resource-allocation,PSO,7,123033,1000,1000,-8.980685804076602,0.038020800000595045
GraphAlloc-Sparse-12,graph-resource-allocation,PSO,8,123034,1000,1000,-8.940468056688136,0.038439600000856444
GraphAlloc-Sparse-12,graph-resource-allocation,PSO,9,123035,1000,1000,-8.915684977503316,0.03612429999975575
GraphAlloc-Sparse-12,graph-resource-allocation,PSO,10,123036,1000,1000,-8.953927636349531,0.042755700000270735
GraphAlloc-Sparse-12,graph-resource-allocation,PSO,11,123037,1000,1000,-8.8634463434882,0.03732010000021546
GraphAlloc-Sparse-12,graph-resource-allocation,PSO,12,123038,1000,1000,-8.99172039214266,0.039580300000125135
GraphAlloc-Sparse-12,graph-resource-allocation,PSO,13,123039,1000,1000,-8.938365346756513,0.03744009999991249
GraphAlloc-Sparse-12,graph-resource-allocation,PSO,14,123040,1000,1000,-8.862845628972323,0.040594099999907485
GraphAlloc-Sparse-12,graph-resource-allocation,PSO,15,123041,1000,1000,-8.948178207023307,0.036129900000560156
GraphAlloc-Sparse-12,graph-resource-allocation,PSO,16,123042,1000,1000,-8.952871347328918,0.03673699999944802
GraphAlloc-Sparse-12,graph-resource-allocation,PSO,17,123043,1000,1000,-8.935080431647606,0.03696910000053322
GraphAlloc-Sparse-12,graph-resource-allocation,PSO,18,123044,1000,1000,-8.988956263597133,0.03587439999955677
GraphAlloc-Sparse-12,graph-resource-allocation,PSO,19,123045,1000,1000,-8.811565645058788,0.04017139999996289
GraphAlloc-Sparse-12,graph-resource-allocation,PSO,20,123046,1000,1000,-8.900249138030862,0.03730100000029779
GraphAlloc-Sparse-12,graph-resource-allocation,PSO,21,123047,1000,1000,-8.998844187582696,0.03508770000007644
GraphAlloc-Sparse-12,graph-resource-allocation,PSO,22,123048,1000,1000,-8.987535908353653,0.036367499999869324
GraphAlloc-Sparse-12,graph-resource-allocation,PSO,23,123049,1000,1000,-8.980203271767111,0.037082299999383395
GraphAlloc-Sparse-12,graph-resource-allocation,PSO,24,123050,1000,1000,-8.88749752518531,0.035573899999690184
GraphAlloc-Sparse-12,graph-resource-allocation,PSO,25,123051,1000,1000,-8.99578776286434,0.036723000000165484
GraphAlloc-Sparse-12,graph-resource-allocation,PSO,26,123052,1000,1000,-8.996414098353073,0.037081299999954354
GraphAlloc-Sparse-12,graph-resource-allocation,PSO,27,123053,1000,1000,-8.728731728564965,0.037819199999830744
GraphAlloc-Sparse-12,graph-resource-allocation,PSO,28,123054,1000,1000,-8.86192379055664,0.03675860000021203
GraphAlloc-Sparse-12,graph-resource-allocation,PSO,29,123055,1000,1000,-8.933816772438982,0.03538269999990007
GraphAlloc-Sparse-12,graph-resource-allocation,PSO,30,123056,1000,1000,-8.981752902447653,0.040441399999508576
GraphAlloc-Sparse-12,graph-resource-allocation,DE,1,124027,1000,1000,-8.849655741709059,0.07624140000007174
GraphAlloc-Sparse-12,graph-resource-allocation,DE,2,124028,1000,1000,-8.809567003144975,0.0881760000002032
GraphAlloc-Sparse-12,graph-resource-allocation,DE,3,124029,1000,1000,-8.814371394401636,0.1023075000002791
GraphAlloc-Sparse-12,graph-resource-allocation,DE,4,124030,1000,1000,-8.852620817209662,0.09222620000036841
GraphAlloc-Sparse-12,graph-resource-allocation,DE,5,124031,1000,1000,-8.857791821485728,0.0952701000005618
GraphAlloc-Sparse-12,graph-resource-allocation,DE,6,124032,1000,1000,-8.868434801287703,0.07277030000022933
GraphAlloc-Sparse-12,graph-resource-allocation,DE,7,124033,1000,1000,-8.921641261614015,0.08117900000070222
GraphAlloc-Sparse-12,graph-resource-allocation,DE,8,124034,1000,1000,-8.862678653402082,0.07154009999976552
GraphAlloc-Sparse-12,graph-resource-allocation,DE,9,124035,1000,1000,-8.892626727241625,0.07191560000046593
GraphAlloc-Sparse-12,graph-resource-allocation,DE,10,124036,1000,1000,-8.82521688712674,0.09684560000005149
GraphAlloc-Sparse-12,graph-resource-allocation,DE,11,124037,1000,1000,-8.876978066115461,0.12127180000061344
GraphAlloc-Sparse-12,graph-resource-allocation,DE,12,124038,1000,1000,-8.813282106039159,0.13669469999967987
GraphAlloc-Sparse-12,graph-resource-allocation,DE,13,124039,1000,1000,-8.852954506288981,0.11815610000030574
GraphAlloc-Sparse-12,graph-resource-allocation,DE,14,124040,1000,1000,-8.826746270687865,0.09592129999964527
GraphAlloc-Sparse-12,graph-resource-allocation,DE,15,124041,1000,1000,-8.859981030484025,0.1062670999999682
GraphAlloc-Sparse-12,graph-resource-allocation,DE,16,124042,1000,1000,-8.928895514871353,0.11261620000004768
GraphAlloc-Sparse-12,graph-resource-allocation,DE,17,124043,1000,1000,-8.864112583272401,0.13669500000014523
GraphAlloc-Sparse-12,graph-resource-allocation,DE,18,124044,1000,1000,-8.905751367551096,0.12111069999991741
GraphAlloc-Sparse-12,graph-resource-allocation,DE,19,124045,1000,1000,-8.842207424498435,0.1198381000003792
GraphAlloc-Sparse-12,graph-resource-allocation,DE,20,124046,1000,1000,-8.852500401630628,0.11406160000024101
GraphAlloc-Sparse-12,graph-resource-allocation,DE,21,124047,1000,1000,-8.934696440094406,0.10954029999993509
GraphAlloc-Sparse-12,graph-resource-allocation,DE,22,124048,1000,1000,-8.85353880014016,0.10396870000022318
GraphAlloc-Sparse-12,graph-resource-allocation,DE,23,124049,1000,1000,-8.88486114627253,0.10032680000040273
GraphAlloc-Sparse-12,graph-resource-allocation,DE,24,124050,1000,1000,-8.857299362717704,0.11432479999984935
GraphAlloc-Sparse-12,graph-resource-allocation,DE,25,124051,1000,1000,-8.8286255376404,0.09428639999987354
GraphAlloc-Sparse-12,graph-resource-allocation,DE,26,124052,1000,1000,-8.880950484361874,0.08233380000001489
GraphAlloc-Sparse-12,graph-resource-allocation,DE,27,124053,1000,1000,-8.860965622903718,0.08169100000031904
GraphAlloc-Sparse-12,graph-resource-allocation,DE,28,124054,1000,1000,-8.882573386724816,0.07834419999926467
GraphAlloc-Sparse-12,graph-resource-allocation,DE,29,124055,1000,1000,-8.894367670295042,0.08008259999951406
GraphAlloc-Sparse-12,graph-resource-allocation,DE,30,124056,1000,1000,-8.856558735459965,0.08139690000007249
GraphAlloc-Sparse-12,graph-resource-allocation,MonteCarlo,1,125027,1000,1000,-8.65693446922017,0.06190670000069076
GraphAlloc-Sparse-12,graph-resource-allocation,MonteCarlo,2,125028,1000,1000,-8.719889023753652,0.05989020000015444
GraphAlloc-Sparse-12,graph-resource-allocation,MonteCarlo,3,125029,1000,1000,-8.55433180727911,0.058748699999341625
GraphAlloc-Sparse-12,graph-resource-allocation,MonteCarlo,4,125030,1000,1000,-8.615626191183704,0.05411129999993136
GraphAlloc-Sparse-12,graph-resource-allocation,MonteCarlo,5,125031,1000,1000,-8.594373730846817,0.04956020000008721
GraphAlloc-Sparse-12,graph-resource-allocation,MonteCarlo,6,125032,1000,1000,-8.583806302750485,0.05238050000025396
GraphAlloc-Sparse-12,graph-resource-allocation,MonteCarlo,7,125033,1000,1000,-8.638233418565866,0.04962820000037027
GraphAlloc-Sparse-12,graph-resource-allocation,MonteCarlo,8,125034,1000,1000,-8.734762014929931,0.051873600000362785
GraphAlloc-Sparse-12,graph-resource-allocation,MonteCarlo,9,125035,1000,1000,-8.65644696740468,0.05376729999989038
GraphAlloc-Sparse-12,graph-resource-allocation,MonteCarlo,10,125036,1000,1000,-8.627890528173122,0.05952979999983654
GraphAlloc-Sparse-12,graph-resource-allocation,MonteCarlo,11,125037,1000,1000,-8.555007129883483,0.06712819999938802
GraphAlloc-Sparse-12,graph-resource-allocation,MonteCarlo,12,125038,1000,1000,-8.65891697708062,0.07361390000005485
GraphAlloc-Sparse-12,graph-resource-allocation,MonteCarlo,13,125039,1000,1000,-8.592165833098734,0.07429099999990285
GraphAlloc-Sparse-12,graph-resource-allocation,MonteCarlo,14,125040,1000,1000,-8.84370955566672,0.0738206000005448
GraphAlloc-Sparse-12,graph-resource-allocation,MonteCarlo,15,125041,1000,1000,-8.653376274119148,0.05387609999979759
GraphAlloc-Sparse-12,graph-resource-allocation,MonteCarlo,16,125042,1000,1000,-8.667195632529795,0.05844820000038453
GraphAlloc-Sparse-12,graph-resource-allocation,MonteCarlo,17,125043,1000,1000,-8.610824995469638,0.05115380000006553
GraphAlloc-Sparse-12,graph-resource-allocation,MonteCarlo,18,125044,1000,1000,-8.710202382365715,0.05032690000007278
GraphAlloc-Sparse-12,graph-resource-allocation,MonteCarlo,19,125045,1000,1000,-8.629701090218749,0.0524900999998863
GraphAlloc-Sparse-12,graph-resource-allocation,MonteCarlo,20,125046,1000,1000,-8.681362265432814,0.054383599999709986
GraphAlloc-Sparse-12,graph-resource-allocation,MonteCarlo,21,125047,1000,1000,-8.572268258697092,0.05769400000008318
GraphAlloc-Sparse-12,graph-resource-allocation,MonteCarlo,22,125048,1000,1000,-8.581505291822118,0.05973840000024211
GraphAlloc-Sparse-12,graph-resource-allocation,MonteCarlo,23,125049,1000,1000,-8.674444375361414,0.06431340000017371
GraphAlloc-Sparse-12,graph-resource-allocation,MonteCarlo,24,125050,1000,1000,-8.653249592868379,0.05376389999946696
GraphAlloc-Sparse-12,graph-resource-allocation,MonteCarlo,25,125051,1000,1000,-8.692597946339447,0.05421890000070562
GraphAlloc-Sparse-12,graph-resource-allocation,MonteCarlo,26,125052,1000,1000,-8.64561449243351,0.050455999999940104
GraphAlloc-Sparse-12,graph-resource-allocation,MonteCarlo,27,125053,1000,1000,-8.707288809345192,0.051579799999672105
GraphAlloc-Sparse-12,graph-resource-allocation,MonteCarlo,28,125054,1000,1000,-8.648114883516858,0.0628247000004194
GraphAlloc-Sparse-12,graph-resource-allocation,MonteCarlo,29,125055,1000,1000,-8.600942919781891,0.05094139999982872
GraphAlloc-Sparse-12,graph-resource-allocation,MonteCarlo,30,125056,1000,1000,-8.65019189492943,0.053299000000151864
GraphAlloc-Dense-12,graph-resource-allocation,GA,1,132027,1000,1000,-10.496908615675139,0.0915422000007311
GraphAlloc-Dense-12,graph-resource-allocation,GA,2,132028,1000,1000,-10.495311431742971,0.09157589999995253
GraphAlloc-Dense-12,graph-resource-allocation,GA,3,132029,1000,1000,-10.495913952959299,0.08658039999954781
GraphAlloc-Dense-12,graph-resource-allocation,GA,4,132030,1000,1000,-10.496320880666481,0.0855068000000756
GraphAlloc-Dense-12,graph-resource-allocation,GA,5,132031,1000,1000,-10.488410068247397,0.07847380000021076
GraphAlloc-Dense-12,graph-resource-allocation,GA,6,132032,1000,1000,-10.496478939645108,0.07864549999976589
GraphAlloc-Dense-12,graph-resource-allocation,GA,7,132033,1000,1000,-10.49577081599283,0.07609060000049794
GraphAlloc-Dense-12,graph-resource-allocation,GA,8,132034,1000,1000,-10.496762440557202,0.08608890000050451
GraphAlloc-Dense-12,graph-resource-allocation,GA,9,132035,1000,1000,-10.495820272488954,0.08221340000000055
GraphAlloc-Dense-12,graph-resource-allocation,GA,10,132036,1000,1000,-10.494228139110978,0.07345489999988786
GraphAlloc-Dense-12,graph-resource-allocation,GA,11,132037,1000,1000,-10.491938018330572,0.1061811999998099
GraphAlloc-Dense-12,graph-resource-allocation,GA,12,132038,1000,1000,-10.493689820059817,0.08551859999988665
GraphAlloc-Dense-12,graph-resource-allocation,GA,13,132039,1000,1000,-10.496505265870393,0.11915380000027653
GraphAlloc-Dense-12,graph-resource-allocation,GA,14,132040,1000,1000,-10.494510725130967,0.09033629999976256
GraphAlloc-Dense-12,graph-resource-allocation,GA,15,132041,1000,1000,-10.495720407348832,0.07575949999954901
GraphAlloc-Dense-12,graph-resource-allocation,GA,16,132042,1000,1000,-10.490366532552903,0.0799882000001162
GraphAlloc-Dense-12,graph-resource-allocation,GA,17,132043,1000,1000,-10.496346848179305,0.07736600000043836
GraphAlloc-Dense-12,graph-resource-allocation,GA,18,132044,1000,1000,-10.495567876969305,0.07825259999935952
GraphAlloc-Dense-12,graph-resource-allocation,GA,19,132045,1000,1000,-10.496687496355202,0.07665749999978289
GraphAlloc-Dense-12,graph-resource-allocation,GA,20,132046,1000,1000,-10.495265720608543,0.07845689999976457
GraphAlloc-Dense-12,graph-resource-allocation,GA,21,132047,1000,1000,-10.495302273452845,0.07475050000084593
GraphAlloc-Dense-12,graph-resource-allocation,GA,22,132048,1000,1000,-10.49759259150444,0.07701499999984662
GraphAlloc-Dense-12,graph-resource-allocation,GA,23,132049,1000,1000,-10.487865253391698,0.07693019999987882
GraphAlloc-Dense-12,graph-resource-allocation,GA,24,132050,1000,1000,-10.493620917573933,0.08049680000021908
GraphAlloc-Dense-12,graph-resource-allocation,GA,25,132051,1000,1000,-10.496537023372587,0.07409569999981613
GraphAlloc-Dense-12,graph-resource-allocation,GA,26,132052,1000,1000,-10.492130271796865,0.07493010000052891
GraphAlloc-Dense-12,graph-resource-allocation,GA,27,132053,1000,1000,-10.492087894307184,0.07509289999961766
GraphAlloc-Dense-12,graph-resource-allocation,GA,28,132054,1000,1000,-10.495234129944734,0.07613620000029186
GraphAlloc-Dense-12,graph-resource-allocation,GA,29,132055,1000,1000,-10.492407347095801,0.07821060000060243
GraphAlloc-Dense-12,graph-resource-allocation,GA,30,132056,1000,1000,-10.494592210825823,0.07694840000021941
GraphAlloc-Dense-12,graph-resource-allocation,PSO,1,133027,1000,1000,-10.48531845760798,0.03959080000004178
GraphAlloc-Dense-12,graph-resource-allocation,PSO,2,133028,1000,1000,-10.49067724753094,0.03784029999951599
GraphAlloc-Dense-12,graph-resource-allocation,PSO,3,133029,1000,1000,-10.467884398732393,0.038306599999486934
GraphAlloc-Dense-12,graph-resource-allocation,PSO,4,133030,1000,1000,-10.46299486025164,0.040266500000143424
GraphAlloc-Dense-12,graph-resource-allocation,PSO,5,133031,1000,1000,-10.367200687723182,0.03779850000046281
GraphAlloc-Dense-12,graph-resource-allocation,PSO,6,133032,1000,1000,-10.495180011620624,0.040516199999729
GraphAlloc-Dense-12,graph-resource-allocation,PSO,7,133033,1000,1000,-10.492059701913517,0.03805240000019694
GraphAlloc-Dense-12,graph-resource-allocation,PSO,8,133034,1000,1000,-10.455697415890747,0.03936780000003637
GraphAlloc-Dense-12,graph-resource-allocation,PSO,9,133035,1000,1000,-10.444789359155086,0.03879819999929168
GraphAlloc-Dense-12,graph-resource-allocation,PSO,10,133036,1000,1000,-10.46287277624374,0.03932630000053905
GraphAlloc-Dense-12,graph-resource-allocation,PSO,11,133037,1000,1000,-10.491830444791042,0.0382646999996723
GraphAlloc-Dense-12,graph-resource-allocation,PSO,12,133038,1000,1000,-10.429334270914275,0.04092020000007324
GraphAlloc-Dense-12,graph-resource-allocation,PSO,13,133039,1000,1000,-10.494961294060104,0.03863990000081685
GraphAlloc-Dense-12,graph-resource-allocation,PSO,14,133040,1000,1000,-10.467958348120094,0.04098160000012285
GraphAlloc-Dense-12,graph-resource-allocation,PSO,15,133041,1000,1000,-10.49606588243655,0.03558690000045317
GraphAlloc-Dense-12,graph-resource-allocation,PSO,16,133042,1000,1000,-10.481424091261983,0.03610980000030395
GraphAlloc-Dense-12,graph-resource-allocation,PSO,17,133043,1000,1000,-10.467713918940008,0.036276700000598794
GraphAlloc-Dense-12,graph-resource-allocation,PSO,18,133044,1000,1000,-10.472159053676481,0.03599500000018452
GraphAlloc-Dense-12,graph-resource-allocation,PSO,19,133045,1000,1000,-10.497222443804983,0.037468300000000454
GraphAlloc-Dense-12,graph-resource-allocation,PSO,20,133046,1000,1000,-10.481762351512495,0.036344199999803095
GraphAlloc-Dense-12,graph-resource-allocation,PSO,21,133047,1000,1000,-10.445699085184465,0.03825479999977688
GraphAlloc-Dense-12,graph-resource-allocation,PSO,22,133048,1000,1000,-10.481625756843412,0.03815260000010312
GraphAlloc-Dense-12,graph-resource-allocation,PSO,23,133049,1000,1000,-10.481110487481324,0.03784630000063771
GraphAlloc-Dense-12,graph-resource-allocation,PSO,24,133050,1000,1000,-10.466115499018084,0.03575689999979659
GraphAlloc-Dense-12,graph-resource-allocation,PSO,25,133051,1000,1000,-10.496208982668444,0.036256000000321364
GraphAlloc-Dense-12,graph-resource-allocation,PSO,26,133052,1000,1000,-10.432428220165663,0.03665000000000873
GraphAlloc-Dense-12,graph-resource-allocation,PSO,27,133053,1000,1000,-10.454512516862025,0.03574370000023919
GraphAlloc-Dense-12,graph-resource-allocation,PSO,28,133054,1000,1000,-10.491242316764021,0.037462199999936274
GraphAlloc-Dense-12,graph-resource-allocation,PSO,29,133055,1000,1000,-10.429891401937345,0.03781230000004143
GraphAlloc-Dense-12,graph-resource-allocation,PSO,30,133056,1000,1000,-10.433492412302371,0.03658129999985249
GraphAlloc-Dense-12,graph-resource-allocation,DE,1,134027,1000,1000,-10.478876738996718,0.0712905000000319
GraphAlloc-Dense-12,graph-resource-allocation,DE,2,134028,1000,1000,-10.435772208792475,0.07123700000011013
GraphAlloc-Dense-12,graph-resource-allocation,DE,3,134029,1000,1000,-10.479672032288995,0.07049150000057125
GraphAlloc-Dense-12,graph-resource-allocation,DE,4,134030,1000,1000,-10.476895608630826,0.07524239999929705
GraphAlloc-Dense-12,graph-resource-allocation,DE,5,134031,1000,1000,-10.488714013464453,0.073054399999819
GraphAlloc-Dense-12,graph-resource-allocation,DE,6,134032,1000,1000,-10.458786477831332,0.07085999999981141
GraphAlloc-Dense-12,graph-resource-allocation,DE,7,134033,1000,1000,-10.442592658546626,0.0765676999999414
GraphAlloc-Dense-12,graph-resource-allocation,DE,8,134034,1000,1000,-10.476999372696678,0.0775048000004972
GraphAlloc-Dense-12,graph-resource-allocation,DE,9,134035,1000,1000,-10.445278282957641,0.0738048000002891
GraphAlloc-Dense-12,graph-resource-allocation,DE,10,134036,1000,1000,-10.451225705607609,0.07945449999988341
GraphAlloc-Dense-12,graph-resource-allocation,DE,11,134037,1000,1000,-10.469207298785259,0.0712295000002996
GraphAlloc-Dense-12,graph-resource-allocation,DE,12,134038,1000,1000,-10.43992961629036,0.076718900000742
GraphAlloc-Dense-12,graph-resource-allocation,DE,13,134039,1000,1000,-10.431957060009383,0.07396329999937734
GraphAlloc-Dense-12,graph-resource-allocation,DE,14,134040,1000,1000,-10.462322522669416,0.0868495000004259
GraphAlloc-Dense-12,graph-resource-allocation,DE,15,134041,1000,1000,-10.458132156726231,0.08751809999921534
GraphAlloc-Dense-12,graph-resource-allocation,DE,16,134042,1000,1000,-10.452892249486492,0.08645650000016758
GraphAlloc-Dense-12,graph-resource-allocation,DE,17,134043,1000,1000,-10.469491658194054,0.07857090000015887
GraphAlloc-Dense-12,graph-resource-allocation,DE,18,134044,1000,1000,-10.476133917919077,0.07664660000045842
GraphAlloc-Dense-12,graph-resource-allocation,DE,19,134045,1000,1000,-10.474826661613442,0.10636100000010629
GraphAlloc-Dense-12,graph-resource-allocation,DE,20,134046,1000,1000,-10.463379483771059,0.08388959999956569
GraphAlloc-Dense-12,graph-resource-allocation,DE,21,134047,1000,1000,-10.467922391618954,0.0797523999999612
GraphAlloc-Dense-12,graph-resource-allocation,DE,22,134048,1000,1000,-10.472382124561234,0.07338419999996404
GraphAlloc-Dense-12,graph-resource-allocation,DE,23,134049,1000,1000,-10.470395237612609,0.07683459999952902
GraphAlloc-Dense-12,graph-resource-allocation,DE,24,134050,1000,1000,-10.470719557205348,0.0733448999999382
GraphAlloc-Dense-12,graph-resource-allocation,DE,25,134051,1000,1000,-10.446851975990482,0.07297829999970418
GraphAlloc-Dense-12,graph-resource-allocation,DE,26,134052,1000,1000,-10.453852070597414,0.0771535000003496
GraphAlloc-Dense-12,graph-resource-allocation,DE,27,134053,1000,1000,-10.457505192223746,0.0734372999995685
GraphAlloc-Dense-12,graph-resource-allocation,DE,28,134054,1000,1000,-10.466536164004872,0.07281890000012936
GraphAlloc-Dense-12,graph-resource-allocation,DE,29,134055,1000,1000,-10.458816601316872,0.0702541000000565
GraphAlloc-Dense-12,graph-resource-allocation,DE,30,134056,1000,1000,-10.446556021210492,0.07132019999971817
GraphAlloc-Dense-12,graph-resource-allocation,MonteCarlo,1,135027,1000,1000,-10.077929665350304,0.04677889999948093
GraphAlloc-Dense-12,graph-resource-allocation,MonteCarlo,2,135028,1000,1000,-10.141081155936684,0.04881840000052762
GraphAlloc-Dense-12,graph-resource-allocation,MonteCarlo,3,135029,1000,1000,-10.147826881431037,0.04752860000007786
GraphAlloc-Dense-12,graph-resource-allocation,MonteCarlo,4,135030,1000,1000,-10.150397385925078,0.04698180000013963
GraphAlloc-Dense-12,graph-resource-allocation,MonteCarlo,5,135031,1000,1000,-10.053210030158908,0.04742809999970632
GraphAlloc-Dense-12,graph-resource-allocation,MonteCarlo,6,135032,1000,1000,-10.108909311581574,0.05171020000034332
GraphAlloc-Dense-12,graph-resource-allocation,MonteCarlo,7,135033,1000,1000,-10.140695899187355,0.0497973000001366
GraphAlloc-Dense-12,graph-resource-allocation,MonteCarlo,8,135034,1000,1000,-10.148113537562953,0.051921900000706955
GraphAlloc-Dense-12,graph-resource-allocation,MonteCarlo,9,135035,1000,1000,-10.039469131319493,0.05279590000009193
GraphAlloc-Dense-12,graph-resource-allocation,MonteCarlo,10,135036,1000,1000,-10.046059715520476,0.04939289999947505
GraphAlloc-Dense-12,graph-resource-allocation,MonteCarlo,11,135037,1000,1000,-10.014472854831002,0.05204950000006647
GraphAlloc-Dense-12,graph-resource-allocation,MonteCarlo,12,135038,1000,1000,-10.061186037506786,0.04956959999981336
GraphAlloc-Dense-12,graph-resource-allocation,MonteCarlo,13,135039,1000,1000,-10.22658906373737,0.04788970000026893
GraphAlloc-Dense-12,graph-resource-allocation,MonteCarlo,14,135040,1000,1000,-10.213231814885672,0.054134699999849545
GraphAlloc-Dense-12,graph-resource-allocation,MonteCarlo,15,135041,1000,1000,-10.055988498328103,0.06457339999997203
GraphAlloc-Dense-12,graph-resource-allocation,MonteCarlo,16,135042,1000,1000,-10.309047654520349,0.0531728000005387
GraphAlloc-Dense-12,graph-resource-allocation,MonteCarlo,17,135043,1000,1000,-10.097616890453807,0.06940779999968072
GraphAlloc-Dense-12,graph-resource-allocation,MonteCarlo,18,135044,1000,1000,-10.276267841913715,0.054085200000372424
GraphAlloc-Dense-12,graph-resource-allocation,MonteCarlo,19,135045,1000,1000,-10.149957361623102,0.049237400000492926
GraphAlloc-Dense-12,graph-resource-allocation,MonteCarlo,20,135046,1000,1000,-10.260552164672651,0.048903599999903236
GraphAlloc-Dense-12,graph-resource-allocation,MonteCarlo,21,135047,1000,1000,-10.049053088842552,0.04985709999982646
GraphAlloc-Dense-12,graph-resource-allocation,MonteCarlo,22,135048,1000,1000,-10.044792797073757,0.0508919000003516
GraphAlloc-Dense-12,graph-resource-allocation,MonteCarlo,23,135049,1000,1000,-10.125080135806336,0.04977030000009108
GraphAlloc-Dense-12,graph-resource-allocation,MonteCarlo,24,135050,1000,1000,-10.042659554941226,0.050649699999667064
GraphAlloc-Dense-12,graph-resource-allocation,MonteCarlo,25,135051,1000,1000,-10.273095007753234,0.04931459999988874
GraphAlloc-Dense-12,graph-resource-allocation,MonteCarlo,26,135052,1000,1000,-10.089194024674672,0.05301119999967341
GraphAlloc-Dense-12,graph-resource-allocation,MonteCarlo,27,135053,1000,1000,-10.138023671092617,0.057835599999634724
GraphAlloc-Dense-12,graph-resource-allocation,MonteCarlo,28,135054,1000,1000,-10.202502814954116,0.05403230000047188
GraphAlloc-Dense-12,graph-resource-allocation,MonteCarlo,29,135055,1000,1000,-10.104421732225768,0.05005370000071707
GraphAlloc-Dense-12,graph-resource-allocation,MonteCarlo,30,135056,1000,1000,-10.058701405949392,0.04954989999987447
GraphAlloc-Sparse-20,graph-resource-allocation,GA,1,142027,1000,1000,-11.779518316552558,0.0808484999997745
GraphAlloc-Sparse-20,graph-resource-allocation,GA,2,142028,1000,1000,-11.8158410754714,0.08094540000001871
GraphAlloc-Sparse-20,graph-resource-allocation,GA,3,142029,1000,1000,-11.823312279067421,0.07821280000007391
GraphAlloc-Sparse-20,graph-resource-allocation,GA,4,142030,1000,1000,-11.814819856337111,0.07991900000070018
GraphAlloc-Sparse-20,graph-resource-allocation,GA,5,142031,1000,1000,-11.725900021468687,0.08071099999961007
GraphAlloc-Sparse-20,graph-resource-allocation,GA,6,142032,1000,1000,-11.846355994873786,0.07817479999994248
GraphAlloc-Sparse-20,graph-resource-allocation,GA,7,142033,1000,1000,-11.805150420655702,0.08069660000001022
GraphAlloc-Sparse-20,graph-resource-allocation,GA,8,142034,1000,1000,-11.779316745064751,0.08143530000052124
GraphAlloc-Sparse-20,graph-resource-allocation,GA,9,142035,1000,1000,-11.848745610196847,0.08256639999945037
GraphAlloc-Sparse-20,graph-resource-allocation,GA,10,142036,1000,1000,-11.692533024381023,0.08291110000027402
GraphAlloc-Sparse-20,graph-resource-allocation,GA,11,142037,1000,1000,-11.898038327021924,0.08167179999963992
GraphAlloc-Sparse-20,graph-resource-allocation,GA,12,142038,1000,1000,-11.670300661965546,0.09302810000008321
GraphAlloc-Sparse-20,graph-resource-allocation,GA,13,142039,1000,1000,-11.701834664436339,0.10600590000012744
GraphAlloc-Sparse-20,graph-resource-allocation,GA,14,142040,1000,1000,-11.819800370647075,0.10377210000024206
GraphAlloc-Sparse-20,graph-resource-allocation,GA,15,142041,1000,1000,-11.839498961987582,0.0842183999993722
GraphAlloc-Sparse-20,graph-resource-allocation,GA,16,142042,1000,1000,-11.800852425830545,0.07765380000000732
GraphAlloc-Sparse-20,graph-resource-allocation,GA,17,142043,1000,1000,-11.86876916891915,0.08001929999954882
GraphAlloc-Sparse-20,graph-resource-allocation,GA,18,142044,1000,1000,-11.820463212941673,0.07895079999980226
GraphAlloc-Sparse-20,graph-resource-allocation,GA,19,142045,1000,1000,-11.713420371867233,0.09043130000009114
GraphAlloc-Sparse-20,graph-resource-allocation,GA,20,142046,1000,1000,-11.86447159149376,0.09564409999984491
GraphAlloc-Sparse-20,graph-resource-allocation,GA,21,142047,1000,1000,-11.683852317092928,0.09201799999937066
GraphAlloc-Sparse-20,graph-resource-allocation,GA,22,142048,1000,1000,-11.686275529924066,0.080289300000004
GraphAlloc-Sparse-20,graph-resource-allocation,GA,23,142049,1000,1000,-11.844185131762508,0.08039230000031239
GraphAlloc-Sparse-20,graph-resource-allocation,GA,24,142050,1000,1000,-11.818431299547724,0.07983810000041558
GraphAlloc-Sparse-20,graph-resource-allocation,GA,25,142051,1000,1000,-11.681096943318776,0.09140250000018568
GraphAlloc-Sparse-20,graph-resource-allocation,GA,26,142052,1000,1000,-11.725193811783553,0.09123570000065229
GraphAlloc-Sparse-20,graph-resource-allocation,GA,27,142053,1000,1000,-11.788957068554975,0.08400910000000295
GraphAlloc-Sparse-20,graph-resource-allocation,GA,28,142054,1000,1000,-11.71416969127078,0.07770179999988613
GraphAlloc-Sparse-20,graph-resource-allocation,GA,29,142055,1000,1000,-11.76964391671599,0.07734830000026705
GraphAlloc-Sparse-20,graph-resource-allocation,GA,30,142056,1000,1000,-11.872982193703894,0.07749259999945934
GraphAlloc-Sparse-20,graph-resource-allocation,PSO,1,143027,1000,1000,-11.716452618098929,0.04582100000061473
GraphAlloc-Sparse-20,graph-resource-allocation,PSO,2,143028,1000,1000,-11.805891347226567,0.042495400000007066
GraphAlloc-Sparse-20,graph-resource-allocation,PSO,3,143029,1000,1000,-11.865987308483197,0.04782820000036736
GraphAlloc-Sparse-20,graph-resource-allocation,PSO,4,143030,1000,1000,-11.685152150150142,0.04457249999995838
GraphAlloc-Sparse-20,graph-resource-allocation,PSO,5,143031,1000,1000,-11.60578448414112,0.04298460000063642
GraphAlloc-Sparse-20,graph-resource-allocation,PSO,6,143032,1000,1000,-11.805146344946152,0.04544850000002043
GraphAlloc-Sparse-20,graph-resource-allocation,PSO,7,143033,1000,1000,-11.81032533238694,0.04287500000009459
GraphAlloc-Sparse-20,graph-resource-allocation,PSO,8,143034,1000,1000,-11.732088889964489,0.042868699999417004
GraphAlloc-Sparse-20,graph-resource-allocation,PSO,9,143035,1000,1000,-11.590445059736512,0.044684399999823654
GraphAlloc-Sparse-20,graph-resource-allocation,PSO,10,143036,1000,1000,-11.82908117346665,0.043754100000114704
GraphAlloc-Sparse-20,graph-resource-allocation,PSO,11,143037,1000,1000,-11.38467206192698,0.04248060000008991
GraphAlloc-Sparse-20,graph-resource-allocation,PSO,12,143038,1000,1000,-11.700558589564807,0.04267309999977442
GraphAlloc-Sparse-20,graph-resource-allocation,PSO,13,143039,1000,1000,-11.565314175598214,0.046519399999851885
GraphAlloc-Sparse-20,graph-resource-allocation,PSO,14,143040,1000,1000,-11.890949143597497,0.04603789999964647
GraphAlloc-Sparse-20,graph-resource-allocation,PSO,15,143041,1000,1000,-11.300054759686855,0.0434304999998858
GraphAlloc-Sparse-20,graph-resource-allocation,PSO,16,143042,1000,1000,-11.657663832988886,0.04283460000078776
GraphAlloc-Sparse-20,graph-resource-allocation,PSO,17,143043,1000,1000,-11.844013671495398,0.042050299999573326
GraphAlloc-Sparse-20,graph-resource-allocation,PSO,18,143044,1000,1000,-11.907561750449341,0.04259069999989151
GraphAlloc-Sparse-20,graph-resource-allocation,PSO,19,143045,1000,1000,-11.824912070788404,0.041845200000352634
GraphAlloc-Sparse-20,graph-resource-allocation,PSO,20,143046,1000,1000,-11.740478074017854,0.043021999999837135
GraphAlloc-Sparse-20,graph-resource-allocation,PSO,21,143047,1000,1000,-11.650037800107857,0.041885500000717
GraphAlloc-Sparse-20,graph-resource-allocation,PSO,22,143048,1000,1000,-11.809024458281677,0.052348999999594525
GraphAlloc-Sparse-20,graph-resource-allocation,PSO,23,143049,1000,1000,-11.84944996601146,0.044495500000266475
GraphAlloc-Sparse-20,graph-resource-allocation,PSO,24,143050,1000,1000,-11.90336727512824,0.04356329999973241
GraphAlloc-Sparse-20,graph-resource-allocation,PSO,25,143051,1000,1000,-11.769878240528236,0.04170440000052622
GraphAlloc-Sparse-20,graph-resource-allocation,PSO,26,143052,1000,1000,-11.765731307605648,0.04712709999967046
GraphAlloc-Sparse-20,graph-resource-allocation,PSO,27,143053,1000,1000,-11.763959897187279,0.045986099999936414
GraphAlloc-Sparse-20,graph-resource-allocation,PSO,28,143054,1000,1000,-11.835062398889926,0.04400470000018686
GraphAlloc-Sparse-20,graph-resource-allocation,PSO,29,143055,1000,1000,-11.791275277378151,0.043710199999623
GraphAlloc-Sparse-20,graph-resource-allocation,PSO,30,143056,1000,1000,-11.232623275229162,0.04482379999990371
GraphAlloc-Sparse-20,graph-resource-allocation,DE,1,144027,1000,1000,-11.652000165831968,0.08431440000003931
GraphAlloc-Sparse-20,graph-resource-allocation,DE,2,144028,1000,1000,-11.669242157466652,0.08669970000028115
GraphAlloc-Sparse-20,graph-resource-allocation,DE,3,144029,1000,1000,-11.647859538154055,0.09400350000032631
GraphAlloc-Sparse-20,graph-resource-allocation,DE,4,144030,1000,1000,-11.643210046559085,0.09575739999945654
GraphAlloc-Sparse-20,graph-resource-allocation,DE,5,144031,1000,1000,-11.614687571235972,0.08176170000024285
GraphAlloc-Sparse-20,graph-resource-allocation,DE,6,144032,1000,1000,-11.679997105623832,0.08135810000021593
GraphAlloc-Sparse-20,graph-resource-allocation,DE,7,144033,1000,1000,-11.695624854321833,0.08392730000014126
GraphAlloc-Sparse-20,graph-resource-allocation,DE,8,144034,1000,1000,-11.684937211566895,0.08070260000022245
GraphAlloc-Sparse-20,graph-resource-allocation,DE,9,144035,1000,1000,-11.537076555481372,0.07574359999944136
GraphAlloc-Sparse-20,graph-resource-allocation,DE,10,144036,1000,1000,-11.788109699084778,0.07842429999982414
GraphAlloc-Sparse-20,graph-resource-allocation,DE,11,144037,1000,1000,-11.7871075728311,0.0770490000004429
GraphAlloc-Sparse-20,graph-resource-allocation,DE,12,144038,1000,1000,-11.543417954760374,0.07901120000042283
GraphAlloc-Sparse-20,graph-resource-allocation,DE,13,144039,1000,1000,-11.623855100626376,0.08357559999967634
GraphAlloc-Sparse-20,graph-resource-allocation,DE,14,144040,1000,1000,-11.663493471935258,0.07748159999937343
GraphAlloc-Sparse-20,graph-resource-allocation,DE,15,144041,1000,1000,-11.715028668730211,0.07851990000017395
GraphAlloc-Sparse-20,graph-resource-allocation,DE,16,144042,1000,1000,-11.515517297184257,0.07892659999924945
GraphAlloc-Sparse-20,graph-resource-allocation,DE,17,144043,1000,1000,-11.556804387581625,0.07890429999952175
GraphAlloc-Sparse-20,graph-resource-allocation,DE,18,144044,1000,1000,-11.639939812721911,0.07735010000033071
GraphAlloc-Sparse-20,graph-resource-allocation,DE,19,144045,1000,1000,-11.662095217058022,0.08397189999959664
GraphAlloc-Sparse-20,graph-resource-allocation,DE,20,144046,1000,1000,-11.689016479351515,0.09029029999965132
GraphAlloc-Sparse-20,graph-resource-allocation,DE,21,144047,1000,1000,-11.685739841819416,0.09368259999973816
GraphAlloc-Sparse-20,graph-resource-allocation,DE,22,144048,1000,1000,-11.598352055274825,0.09383650000017951
GraphAlloc-Sparse-20,graph-resource-allocation,DE,23,144049,1000,1000,-11.681366422077932,0.08326680000027409
GraphAlloc-Sparse-20,graph-resource-allocation,DE,24,144050,1000,1000,-11.641964706731262,0.08177859999977954
GraphAlloc-Sparse-20,graph-resource-allocation,DE,25,144051,1000,1000,-11.758802920213894,0.08505719999993744
GraphAlloc-Sparse-20,graph-resource-allocation,DE,26,144052,1000,1000,-11.788192703912088,0.0842237999995632
GraphAlloc-Sparse-20,graph-resource-allocation,DE,27,144053,1000,1000,-11.731504286037717,0.08255069999995612
GraphAlloc-Sparse-20,graph-resource-allocation,DE,28,144054,1000,1000,-11.772720223578746,0.08192770000005112
GraphAlloc-Sparse-20,graph-resource-allocation,DE,29,144055,1000,1000,-11.749523281895755,0.08128400000077818
GraphAlloc-Sparse-20,graph-resource-allocation,DE,30,144056,1000,1000,-11.747057620316212,0.083207499999844
GraphAlloc-Sparse-20,graph-resource-allocation,MonteCarlo,1,145027,1000,1000,-10.937752000917978,0.05649840000023687
GraphAlloc-Sparse-20,graph-resource-allocation,MonteCarlo,2,145028,1000,1000,-10.911247735696628,0.055928500000845816
GraphAlloc-Sparse-20,graph-resource-allocation,MonteCarlo,3,145029,1000,1000,-10.759374225493909,0.058339900000646594
GraphAlloc-Sparse-20,graph-resource-allocation,MonteCarlo,4,145030,1000,1000,-10.833044455482666,0.05108070000005682
GraphAlloc-Sparse-20,graph-resource-allocation,MonteCarlo,5,145031,1000,1000,-10.91924213930853,0.050663999999414955
GraphAlloc-Sparse-20,graph-resource-allocation,MonteCarlo,6,145032,1000,1000,-10.889681046219945,0.05301340000005439
GraphAlloc-Sparse-20,graph-resource-allocation,MonteCarlo,7,145033,1000,1000,-10.724805087388523,0.05371090000062395
GraphAlloc-Sparse-20,graph-resource-allocation,MonteCarlo,8,145034,1000,1000,-10.699345247157206,0.05389340000056109
GraphAlloc-Sparse-20,graph-resource-allocation,MonteCarlo,9,145035,1000,1000,-11.117688741697172,0.05374089999986609
GraphAlloc-Sparse-20,graph-resource-allocation,MonteCarlo,10,145036,1000,1000,-10.881308652134418,0.05072270000073331
GraphAlloc-Sparse-20,graph-resource-allocation,MonteCarlo,11,145037,1000,1000,-10.801502829345287,0.053826399999707064
GraphAlloc-Sparse-20,graph-resource-allocation,MonteCarlo,12,145038,1000,1000,-10.841897086297902,0.05250320000050124
GraphAlloc-Sparse-20,graph-resource-allocation,MonteCarlo,13,145039,1000,1000,-10.733041006671968,0.05365019999953802
GraphAlloc-Sparse-20,graph-resource-allocation,MonteCarlo,14,145040,1000,1000,-10.911152760805178,0.053342599999268714
GraphAlloc-Sparse-20,graph-resource-allocation,MonteCarlo,15,145041,1000,1000,-11.1707655517505,0.05268940000041766
GraphAlloc-Sparse-20,graph-resource-allocation,MonteCarlo,16,145042,1000,1000,-10.87006928373879,0.05506669999977021
GraphAlloc-Sparse-20,graph-resource-allocation,MonteCarlo,17,145043,1000,1000,-10.76640503971139,0.05156679999981861
GraphAlloc-Sparse-20,graph-resource-allocation,MonteCarlo,18,145044,1000,1000,-11.004863915720785,0.05572699999993347
GraphAlloc-Sparse-20,graph-resource-allocation,MonteCarlo,19,145045,1000,1000,-11.016752683399199,0.056040200000097684
GraphAlloc-Sparse-20,graph-resource-allocation,MonteCarlo,20,145046,1000,1000,-10.975520577764595,0.05560499999955937
GraphAlloc-Sparse-20,graph-resource-allocation,MonteCarlo,21,145047,1000,1000,-10.780357316900886,0.05043440000008559
GraphAlloc-Sparse-20,graph-resource-allocation,MonteCarlo,22,145048,1000,1000,-10.892822033553111,0.05469530000027589
GraphAlloc-Sparse-20,graph-resource-allocation,MonteCarlo,23,145049,1000,1000,-11.127085615827456,0.05240109999976994
GraphAlloc-Sparse-20,graph-resource-allocation,MonteCarlo,24,145050,1000,1000,-11.085523095563063,0.05228750000060245
GraphAlloc-Sparse-20,graph-resource-allocation,MonteCarlo,25,145051,1000,1000,-10.767098455034104,0.053330100000493985
GraphAlloc-Sparse-20,graph-resource-allocation,MonteCarlo,26,145052,1000,1000,-10.877520518681147,0.05124029999933555
GraphAlloc-Sparse-20,graph-resource-allocation,MonteCarlo,27,145053,1000,1000,-10.87692385085824,0.06085030000031111
GraphAlloc-Sparse-20,graph-resource-allocation,MonteCarlo,28,145054,1000,1000,-10.842215972020611,0.0550585000000865
GraphAlloc-Sparse-20,graph-resource-allocation,MonteCarlo,29,145055,1000,1000,-10.975557952790776,0.05946750000020984
GraphAlloc-Sparse-20,graph-resource-allocation,MonteCarlo,30,145056,1000,1000,-11.219067196420234,0.05960679999952845
GraphAlloc-Dense-20,graph-resource-allocation,GA,1,152027,1000,1000,-11.993190524324309,0.12239559999943594
GraphAlloc-Dense-20,graph-resource-allocation,GA,2,152028,1000,1000,-11.973485778052112,0.11005980000027193
GraphAlloc-Dense-20,graph-resource-allocation,GA,3,152029,1000,1000,-11.995605827029108,0.09991039999931672
GraphAlloc-Dense-20,graph-resource-allocation,GA,4,152030,1000,1000,-12.047585619829599,0.11064750000059576
GraphAlloc-Dense-20,graph-resource-allocation,GA,5,152031,1000,1000,-11.995693937915652,0.1058593000007022
GraphAlloc-Dense-20,graph-resource-allocation,GA,6,152032,1000,1000,-11.969919350667592,0.11322870000003604
GraphAlloc-Dense-20,graph-resource-allocation,GA,7,152033,1000,1000,-11.898667499003217,0.09608669999943231
GraphAlloc-Dense-20,graph-resource-allocation,GA,8,152034,1000,1000,-11.877632548643529,0.11522770000010496
GraphAlloc-Dense-20,graph-resource-allocation,GA,9,152035,1000,1000,-11.84508864612165,0.11290339999959542
GraphAlloc-Dense-20,graph-resource-allocation,GA,10,152036,1000,1000,-12.019568843399409,0.10593660000085947
GraphAlloc-Dense-20,graph-resource-allocation,GA,11,152037,1000,1000,-12.003960056905964,0.10881929999959539
GraphAlloc-Dense-20,graph-resource-allocation,GA,12,152038,1000,1000,-12.020254562097314,0.10024559999965277
GraphAlloc-Dense-20,graph-resource-allocation,GA,13,152039,1000,1000,-11.947637686370689,0.095698000000084
GraphAlloc-Dense-20,graph-resource-allocation,GA,14,152040,1000,1000,-11.980974918229146,0.0972702000008212
GraphAlloc-Dense-20,graph-resource-allocation,GA,15,152041,1000,1000,-12.021737078093933,0.10115600000062841
GraphAlloc-Dense-20,graph-resource-allocation,GA,16,152042,1000,1000,-11.993340021321094,0.11339479999969626
GraphAlloc-Dense-20,graph-resource-allocation,GA,17,152043,1000,1000,-12.000089676383128,0.17384109999966313
GraphAlloc-Dense-20,graph-resource-allocation,GA,18,152044,1000,1000,-12.013205986963772,0.24490769999920303
GraphAlloc-Dense-20,graph-resource-allocation,GA,19,152045,1000,1000,-11.913179279160692,0.17412919999969745
GraphAlloc-Dense-20,graph-resource-allocation,GA,20,152046,1000,1000,-12.033531383208931,0.12134270000024117
GraphAlloc-Dense-20,graph-resource-allocation,GA,21,152047,1000,1000,-11.99048819473979,0.1332944999994652
GraphAlloc-Dense-20,graph-resource-allocation,GA,22,152048,1000,1000,-12.012017919052392,0.11047130000042671
GraphAlloc-Dense-20,graph-resource-allocation,GA,23,152049,1000,1000,-11.879597409950321,0.11750670000037644
GraphAlloc-Dense-20,graph-resource-allocation,GA,24,152050,1000,1000,-12.001742566532146,0.10702649999984715
GraphAlloc-Dense-20,graph-resource-allocation,GA,25,152051,1000,1000,-11.896830553110709,0.12073400000008405
GraphAlloc-Dense-20,graph-resource-allocation,GA,26,152052,1000,1000,-12.014556154491457,0.11382050000065647
GraphAlloc-Dense-20,graph-resource-allocation,GA,27,152053,1000,1000,-12.08989843220714,0.09968730000036885
GraphAlloc-Dense-20,graph-resource-allocation,GA,28,152054,1000,1000,-11.783717287806983,0.09936010000001261
GraphAlloc-Dense-20,graph-resource-allocation,GA,29,152055,1000,1000,-11.994129416044132,0.10512779999953636
GraphAlloc-Dense-20,graph-resource-allocation,GA,30,152056,1000,1000,-12.003407445972059,0.10774319999927684
GraphAlloc-Dense-20,graph-resource-allocation,PSO,1,153027,1000,1000,-12.083950929315705,0.06286719999934576
GraphAlloc-Dense-20,graph-resource-allocation,PSO,2,153028,1000,1000,-12.02294253950811,0.06112399999983609
GraphAlloc-Dense-20,graph-resource-allocation,PSO,3,153029,1000,1000,-11.482252741263341,0.06218529999932798
GraphAlloc-Dense-20,graph-resource-allocation,PSO,4,153030,1000,1000,-11.9556204049457,0.06220729999949981
GraphAlloc-Dense-20,graph-resource-allocation,PSO,5,153031,1000,1000,-12.111476531975425,0.06217280000055325
GraphAlloc-Dense-20,graph-resource-allocation,PSO,6,153032,1000,1000,-11.999767634398745,0.06173190000026807
GraphAlloc-Dense-20,graph-resource-allocation,PSO,7,153033,1000,1000,-11.855799865082785,0.066336500000034
GraphAlloc-Dense-20,graph-resource-allocation,PSO,8,153034,1000,1000,-11.713313220568047,0.061443700000381796
GraphAlloc-Dense-20,graph-resource-allocation,PSO,9,153035,1000,1000,-11.85958686764037,0.06801670000004378
GraphAlloc-Dense-20,graph-resource-allocation,PSO,10,153036,1000,1000,-11.717939419645273,0.0650869999999486
GraphAlloc-Dense-20,graph-resource-allocation,PSO,11,153037,1000,1000,-11.86039671405872,0.06264729999929841
GraphAlloc-Dense-20,graph-resource-allocation,PSO,12,153038,1000,1000,-12.042104800884063,0.06442539999989094
GraphAlloc-Dense-20,graph-resource-allocation,PSO,13,153039,1000,1000,-12.093072053591934,0.061627799999769195
GraphAlloc-Dense-20,graph-resource-allocation,PSO,14,153040,1000,1000,-11.873185768379864,0.06083839999973861
GraphAlloc-Dense-20,graph-resource-allocation,PSO,15,153041,1000,1000,-12.084927266286659,0.06040279999979248
GraphAlloc-Dense-20,graph-resource-allocation,PSO,16,153042,1000,1000,-12.06744053501913,0.06078290000004927
GraphAlloc-Dense-20,graph-resource-allocation,PSO,17,153043,1000,1000,-12.012185952303284,0.060582699999940814
GraphAlloc-Dense-20,graph-resource-allocation,PSO,18,153044,1000,1000,-12.076088010225003,0.06163429999924119
GraphAlloc-Dense-20,graph-resource-allocation,PSO,19,153045,1000,1000,-12.046897258706496,0.059540900000683905
GraphAlloc-Dense-20,graph-resource-allocation,PSO,20,153046,1000,1000,-11.994530360950558,0.05889740000020538
GraphAlloc-Dense-20,graph-resource-allocation,PSO,21,153047,1000,1000,-12.094033629491355,0.06271210000068095
GraphAlloc-Dense-20,graph-resource-allocation,PSO,22,153048,1000,1000,-12.039977307088975,0.061680799999521696
GraphAlloc-Dense-20,graph-resource-allocation,PSO,23,153049,1000,1000,-11.942719437223113,0.06392719999985275
GraphAlloc-Dense-20,graph-resource-allocation,PSO,24,153050,1000,1000,-12.041140790011184,0.06301709999934246
GraphAlloc-Dense-20,graph-resource-allocation,PSO,25,153051,1000,1000,-11.963956340086352,0.06698299999970914
GraphAlloc-Dense-20,graph-resource-allocation,PSO,26,153052,1000,1000,-12.014143693291235,0.06424510000033479
GraphAlloc-Dense-20,graph-resource-allocation,PSO,27,153053,1000,1000,-11.63878276498028,0.06149399999958405
GraphAlloc-Dense-20,graph-resource-allocation,PSO,28,153054,1000,1000,-11.644549914782065,0.06228119999923365
GraphAlloc-Dense-20,graph-resource-allocation,PSO,29,153055,1000,1000,-11.980117995156304,0.061540900000181864
GraphAlloc-Dense-20,graph-resource-allocation,PSO,30,153056,1000,1000,-12.063012230109564,0.06381820000024163
GraphAlloc-Dense-20,graph-resource-allocation,DE,1,154027,1000,1000,-11.960750594458377,0.10741260000031616
GraphAlloc-Dense-20,graph-resource-allocation,DE,2,154028,1000,1000,-11.85152051722572,0.10367190000033588
GraphAlloc-Dense-20,graph-resource-allocation,DE,3,154029,1000,1000,-11.953834284122344,0.10800519999975222
GraphAlloc-Dense-20,graph-resource-allocation,DE,4,154030,1000,1000,-11.775757378311228,0.10437379999984842
GraphAlloc-Dense-20,graph-resource-allocation,DE,5,154031,1000,1000,-11.853918120039106,0.10940479999953823
GraphAlloc-Dense-20,graph-resource-allocation,DE,6,154032,1000,1000,-11.980355597333409,0.10942210000030173
GraphAlloc-Dense-20,graph-resource-allocation,DE,7,154033,1000,1000,-11.904327268218072,0.10955329999978858
GraphAlloc-Dense-20,graph-resource-allocation,DE,8,154034,1000,1000,-11.936773746608843,0.10322620000079041
GraphAlloc-Dense-20,graph-resource-allocation,DE,9,154035,1000,1000,-11.823616589647724,0.10468979999950534
GraphAlloc-Dense-20,graph-resource-allocation,DE,10,154036,1000,1000,-11.964031255513294,0.10839820000001055
GraphAlloc-Dense-20,graph-resource-allocation,DE,11,154037,1000,1000,-11.929103853456994,0.10858689999986382
GraphAlloc-Dense-20,graph-resource-allocation,DE,12,154038,1000,1000,-11.86813247951558,0.10459939999964263
GraphAlloc-Dense-20,graph-resource-allocation,DE,13,154039,1000,1000,-11.828894059887709,0.10896920000050159
GraphAlloc-Dense-20,graph-resource-allocation,DE,14,154040,1000,1000,-11.857591332808093,0.10500780000074883
GraphAlloc-Dense-20,graph-resource-allocation,DE,15,154041,1000,1000,-11.871623922903142,0.10940210000080697
GraphAlloc-Dense-20,graph-resource-allocation,DE,16,154042,1000,1000,-11.9294047295826,0.1087310000002617
GraphAlloc-Dense-20,graph-resource-allocation,DE,17,154043,1000,1000,-11.934513151023044,0.10716750000028696
GraphAlloc-Dense-20,graph-resource-allocation,DE,18,154044,1000,1000,-11.89023525950195,0.10618890000023384
GraphAlloc-Dense-20,graph-resource-allocation,DE,19,154045,1000,1000,-11.759765394697844,0.10399860000052286
GraphAlloc-Dense-20,graph-resource-allocation,DE,20,154046,1000,1000,-11.8907435146281,0.10962999999992462
GraphAlloc-Dense-20,graph-resource-allocation,DE,21,154047,1000,1000,-11.891635001058855,0.1082643999998254
GraphAlloc-Dense-20,graph-resource-allocation,DE,22,154048,1000,1000,-11.969155523153342,0.10615090000010241
GraphAlloc-Dense-20,graph-resource-allocation,DE,23,154049,1000,1000,-11.909483493506466,0.10360239999954501
GraphAlloc-Dense-20,graph-resource-allocation,DE,24,154050,1000,1000,-11.897972710170055,0.10377640000024257
GraphAlloc-Dense-20,graph-resource-allocation,DE,25,154051,1000,1000,-11.932480532188714,0.1064408000002004
GraphAlloc-Dense-20,graph-resource-allocation,DE,26,154052,1000,1000,-11.947813494317913,0.10605220000070403
GraphAlloc-Dense-20,graph-resource-allocation,DE,27,154053,1000,1000,-11.973071929786181,0.10156650000044465
GraphAlloc-Dense-20,graph-resource-allocation,DE,28,154054,1000,1000,-11.837344969761325,0.10379250000005413
GraphAlloc-Dense-20,graph-resource-allocation,DE,29,154055,1000,1000,-11.79132042013533,0.10752950000005512
GraphAlloc-Dense-20,graph-resource-allocation,DE,30,154056,1000,1000,-11.851635907108315,0.10516310000002704
GraphAlloc-Dense-20,graph-resource-allocation,MonteCarlo,1,155027,1000,1000,-10.971077501102602,0.07798600000023725
GraphAlloc-Dense-20,graph-resource-allocation,MonteCarlo,2,155028,1000,1000,-11.12425305034707,0.08606150000014168
GraphAlloc-Dense-20,graph-resource-allocation,MonteCarlo,3,155029,1000,1000,-11.112155242218812,0.07738249999965774
GraphAlloc-Dense-20,graph-resource-allocation,MonteCarlo,4,155030,1000,1000,-11.061794981872007,0.07352790000004461
GraphAlloc-Dense-20,graph-resource-allocation,MonteCarlo,5,155031,1000,1000,-11.212211229776901,0.07811059999949066
GraphAlloc-Dense-20,graph-resource-allocation,MonteCarlo,6,155032,1000,1000,-10.906004173870667,0.07822630000009667
GraphAlloc-Dense-20,graph-resource-allocation,MonteCarlo,7,155033,1000,1000,-10.999393494869627,0.07694230000015523
GraphAlloc-Dense-20,graph-resource-allocation,MonteCarlo,8,155034,1000,1000,-11.179592412707729,0.07483330000013666
GraphAlloc-Dense-20,graph-resource-allocation,MonteCarlo,9,155035,1000,1000,-11.26918252744819,0.07767650000005233
GraphAlloc-Dense-20,graph-resource-allocation,MonteCarlo,10,155036,1000,1000,-10.979666750972687,0.07580300000063289
GraphAlloc-Dense-20,graph-resource-allocation,MonteCarlo,11,155037,1000,1000,-11.269131061390638,0.07518290000007255
GraphAlloc-Dense-20,graph-resource-allocation,MonteCarlo,12,155038,1000,1000,-11.266009058251262,0.07589609999922686
GraphAlloc-Dense-20,graph-resource-allocation,MonteCarlo,13,155039,1000,1000,-11.02073051064935,0.07575879999967583
GraphAlloc-Dense-20,graph-resource-allocation,MonteCarlo,14,155040,1000,1000,-11.135713002928673,0.0754770000003191
GraphAlloc-Dense-20,graph-resource-allocation,MonteCarlo,15,155041,1000,1000,-11.146035319509252,0.07495190000008733
GraphAlloc-Dense-20,graph-resource-allocation,MonteCarlo,16,155042,1000,1000,-11.045720235348501,0.07707370000025549
GraphAlloc-Dense-20,graph-resource-allocation,MonteCarlo,17,155043,1000,1000,-11.426200535136283,0.07206390000010288
GraphAlloc-Dense-20,graph-resource-allocation,MonteCarlo,18,155044,1000,1000,-10.963383940626507,0.07722180000018852
GraphAlloc-Dense-20,graph-resource-allocation,MonteCarlo,19,155045,1000,1000,-11.419270997365405,0.07158220000019355
GraphAlloc-Dense-20,graph-resource-allocation,MonteCarlo,20,155046,1000,1000,-11.09093206559972,0.07913840000037453
GraphAlloc-Dense-20,graph-resource-allocation,MonteCarlo,21,155047,1000,1000,-11.406205351496665,0.08420449999994162
GraphAlloc-Dense-20,graph-resource-allocation,MonteCarlo,22,155048,1000,1000,-11.057667153178228,0.07717610000054265
GraphAlloc-Dense-20,graph-resource-allocation,MonteCarlo,23,155049,1000,1000,-11.264567194969938,0.08370019999983924
GraphAlloc-Dense-20,graph-resource-allocation,MonteCarlo,24,155050,1000,1000,-10.97132363814718,0.08305560000007972
GraphAlloc-Dense-20,graph-resource-allocation,MonteCarlo,25,155051,1000,1000,-10.983174367603866,0.08092179999948712
GraphAlloc-Dense-20,graph-resource-allocation,MonteCarlo,26,155052,1000,1000,-10.99330947546215,0.09224819999963074
GraphAlloc-Dense-20,graph-resource-allocation,MonteCarlo,27,155053,1000,1000,-10.958295698806522,0.08680199999980687
GraphAlloc-Dense-20,graph-resource-allocation,MonteCarlo,28,155054,1000,1000,-11.200252972053406,0.09359869999934745
GraphAlloc-Dense-20,graph-resource-allocation,MonteCarlo,29,155055,1000,1000,-11.097946833353777,0.11624469999969733
GraphAlloc-Dense-20,graph-resource-allocation,MonteCarlo,30,155056,1000,1000,-10.852931369115755,0.0985368000001472
Routing-Sparse-14,graph-routing,GA,1,162027,1000,1000,58.80771594624933,0.08740519999992102
Routing-Sparse-14,graph-routing,GA,2,162028,1000,1000,58.77654807938937,0.08429400000022724
Routing-Sparse-14,graph-routing,GA,3,162029,1000,1000,58.80946222168326,0.0861360999997487
Routing-Sparse-14,graph-routing,GA,4,162030,1000,1000,58.764503116084924,0.08233199999995122
Routing-Sparse-14,graph-routing,GA,5,162031,1000,1000,58.76427873348689,0.08858349999991333
Routing-Sparse-14,graph-routing,GA,6,162032,1000,1000,58.800668802971785,0.0910316999998031
Routing-Sparse-14,graph-routing,GA,7,162033,1000,1000,59.34551560848394,0.08423160000074859
Routing-Sparse-14,graph-routing,GA,8,162034,1000,1000,58.7806108132959,0.08254959999976563
Routing-Sparse-14,graph-routing,GA,9,162035,1000,1000,58.813469596424405,0.07833960000061779
Routing-Sparse-14,graph-routing,GA,10,162036,1000,1000,58.78724965950353,0.0804007000006095
Routing-Sparse-14,graph-routing,GA,11,162037,1000,1000,58.777999665429945,0.07921069999974861
Routing-Sparse-14,graph-routing,GA,12,162038,1000,1000,58.82199257790179,0.08609139999953186
Routing-Sparse-14,graph-routing,GA,13,162039,1000,1000,58.79721228566877,0.08257730000059382
Routing-Sparse-14,graph-routing,GA,14,162040,1000,1000,58.77228129108468,0.07891929999914282
Routing-Sparse-14,graph-routing,GA,15,162041,1000,1000,58.79979509278418,0.08186840000053053
Routing-Sparse-14,graph-routing,GA,16,162042,1000,1000,58.7696664556562,0.08430709999993269
Routing-Sparse-14,graph-routing,GA,17,162043,1000,1000,58.80276447590729,0.07890749999933178
Routing-Sparse-14,graph-routing,GA,18,162044,1000,1000,58.81374711610029,0.08196659999975964
Routing-Sparse-14,graph-routing,GA,19,162045,1000,1000,59.08574871135099,0.0770818999999392
Routing-Sparse-14,graph-routing,GA,20,162046,1000,1000,58.78126978488358,0.0814782000006744
Routing-Sparse-14,graph-routing,GA,21,162047,1000,1000,58.803276336154795,0.08141909999994823
Routing-Sparse-14,graph-routing,GA,22,162048,1000,1000,58.7669002577596,0.08631640000021434
Routing-Sparse-14,graph-routing,GA,23,162049,1000,1000,58.76796563493614,0.08366560000013123
Routing-Sparse-14,graph-routing,GA,24,162050,1000,1000,58.85771591123666,0.08427759999995033
Routing-Sparse-14,graph-routing,GA,25,162051,1000,1000,61.66178818661068,0.08482529999946564
Routing-Sparse-14,graph-routing,GA,26,162052,1000,1000,58.77220123540893,0.08081790000051114
Routing-Sparse-14,graph-routing,GA,27,162053,1000,1000,58.76486455470061,0.08089879999988625
Routing-Sparse-14,graph-routing,GA,28,162054,1000,1000,58.94584620500328,0.0852138999998715
Routing-Sparse-14,graph-routing,GA,29,162055,1000,1000,58.76810496187923,0.0890320000007705
Routing-Sparse-14,graph-routing,GA,30,162056,1000,1000,58.811943695233026,0.0808099999994738
Routing-Sparse-14,graph-routing,PSO,1,163027,1000,1000,58.818856671541695,0.042937000000165426
Routing-Sparse-14,graph-routing,PSO,2,163028,1000,1000,58.799264661843566,0.038977600000180246
Routing-Sparse-14,graph-routing,PSO,3,163029,1000,1000,59.14831507378432,0.0379757000000609
Routing-Sparse-14,graph-routing,PSO,4,163030,1000,1000,58.81736949105781,0.04019250000055763
Routing-Sparse-14,graph-routing,PSO,5,163031,1000,1000,59.386674444454215,0.04159979999985808
Routing-Sparse-14,graph-routing,PSO,6,163032,1000,1000,60.4335914999723,0.04300189999958093
Routing-Sparse-14,graph-routing,PSO,7,163033,1000,1000,65.8639261381494,0.04248439999992115
Routing-Sparse-14,graph-routing,PSO,8,163034,1000,1000,58.85014218358645,0.04217960000005405
Routing-Sparse-14,graph-routing,PSO,9,163035,1000,1000,65.09425328463506,0.04346579999946698
Routing-Sparse-14,graph-routing,PSO,10,163036,1000,1000,58.85284781679996,0.05196070000056352
Routing-Sparse-14,graph-routing,PSO,11,163037,1000,1000,58.98817779420989,0.040209699999650184
Routing-Sparse-14,graph-routing,PSO,12,163038,1000,1000,65.22069944133797,0.044589600000108476
Routing-Sparse-14,graph-routing,PSO,13,163039,1000,1000,58.824877156856985,0.03885869999976421
Routing-Sparse-14,graph-routing,PSO,14,163040,1000,1000,58.92044844296495,0.0500385000004826
Routing-Sparse-14,graph-routing,PSO,15,163041,1000,1000,65.22071868080515,0.0792620000001989
Routing-Sparse-14,graph-routing,PSO,16,163042,1000,1000,58.77690767841274,0.042563699999845994
Routing-Sparse-14,graph-routing,PSO,17,163043,1000,1000,58.958939809264656,0.04106690000025992
Routing-Sparse-14,graph-routing,PSO,18,163044,1000,1000,58.88618012446273,0.039799000000130036
Routing-Sparse-14,graph-routing,PSO,19,163045,1000,1000,58.92771915685222,0.039258100000552076
Routing-Sparse-14,graph-routing,PSO,20,163046,1000,1000,61.900247205113025,0.03926979999960167
Routing-Sparse-14,graph-routing,PSO,21,163047,1000,1000,61.755732640977136,0.04039950000060344
Routing-Sparse-14,graph-routing,PSO,22,163048,1000,1000,58.77850889873675,0.03952599999956874
Routing-Sparse-14,graph-routing,PSO,23,163049,1000,1000,61.47746445850149,0.04079920000003767
Routing-Sparse-14,graph-routing,PSO,24,163050,1000,1000,65.9035177786513,0.03931049999937386
Routing-Sparse-14,graph-routing,PSO,25,163051,1000,1000,58.81547589512348,0.03889849999995931
Routing-Sparse-14,graph-routing,PSO,26,163052,1000,1000,58.79959924442439,0.03860100000019884
Routing-Sparse-14,graph-routing,PSO,27,163053,1000,1000,58.8378892552424,0.03839700000025914
Routing-Sparse-14,graph-routing,PSO,28,163054,1000,1000,59.138047476807465,0.04000919999998587
Routing-Sparse-14,graph-routing,PSO,29,163055,1000,1000,58.98714668026927,0.04220679999980348
Routing-Sparse-14,graph-routing,PSO,30,163056,1000,1000,65.09968095873917,0.040278300000863965
Routing-Sparse-14,graph-routing,DE,1,164027,1000,1000,58.922914460956235,0.08404040000004898
Routing-Sparse-14,graph-routing,DE,2,164028,1000,1000,59.420960152195285,0.08842000000004191
Routing-Sparse-14,graph-routing,DE,3,164029,1000,1000,58.99581947461977,0.09319520000008197
Routing-Sparse-14,graph-routing,DE,4,164030,1000,1000,59.57178565597371,0.08293359999970562
Routing-Sparse-14,graph-routing,DE,5,164031,1000,1000,62.71469101267743,0.10603399999945395
Routing-Sparse-14,graph-routing,DE,6,164032,1000,1000,58.976358102324674,0.0811703999997917
Routing-Sparse-14,graph-routing,DE,7,164033,1000,1000,59.713834251680105,0.08500199999980396
Routing-Sparse-14,graph-routing,DE,8,164034,1000,1000,59.057907376596845,0.09674290000020846
Routing-Sparse-14,graph-routing,DE,9,164035,1000,1000,61.757303728280014,0.08960339999975986
Routing-Sparse-14,graph-routing,DE,10,164036,1000,1000,58.92627745334964,0.08571570000003703
Routing-Sparse-14,graph-routing,DE,11,164037,1000,1000,60.26577838930687,0.08481289999963337
Routing-Sparse-14,graph-routing,DE,12,164038,1000,1000,59.54821247604247,0.08678329999929701
Routing-Sparse-14,graph-routing,DE,13,164039,1000,1000,60.09476898909918,0.08831139999983861
Routing-Sparse-14,graph-routing,DE,14,164040,1000,1000,62.30293701595647,0.08997569999974075
Routing-Sparse-14,graph-routing,DE,15,164041,1000,1000,60.36822237253803,0.08913709999978892
Routing-Sparse-14,graph-routing,DE,16,164042,1000,1000,58.800058334967986,0.0869142000001375
Routing-Sparse-14,graph-routing,DE,17,164043,1000,1000,60.27594597623368,0.08520430000044144
Routing-Sparse-14,graph-routing,DE,18,164044,1000,1000,59.35393812286907,0.0876222000006237
Routing-Sparse-14,graph-routing,DE,19,164045,1000,1000,60.258734767780716,0.08434619999934512
Routing-Sparse-14,graph-routing,DE,20,164046,1000,1000,59.35515370505266,0.09097660000043106
Routing-Sparse-14,graph-routing,DE,21,164047,1000,1000,59.18843242496279,0.08905020000020158
Routing-Sparse-14,graph-routing,DE,22,164048,1000,1000,60.47017135813951,0.08507319999989704
Routing-Sparse-14,graph-routing,DE,23,164049,1000,1000,60.25306993878301,0.08332359999985783
Routing-Sparse-14,graph-routing,DE,24,164050,1000,1000,60.286031328695834,0.08388300000024174
Routing-Sparse-14,graph-routing,DE,25,164051,1000,1000,58.88884061907306,0.08288499999980559
Routing-Sparse-14,graph-routing,DE,26,164052,1000,1000,59.20582081953459,0.09010880000005272
Routing-Sparse-14,graph-routing,DE,27,164053,1000,1000,58.83537059491069,0.08506560000023455
Routing-Sparse-14,graph-routing,DE,28,164054,1000,1000,61.47750121408695,0.08743729999969219
Routing-Sparse-14,graph-routing,DE,29,164055,1000,1000,60.26546827142703,0.08499709999978222
Routing-Sparse-14,graph-routing,DE,30,164056,1000,1000,59.44835772971147,0.0809386999999333
Routing-Sparse-14,graph-routing,MonteCarlo,1,165027,1000,1000,68.83450174609395,0.05276490000051126
Routing-Sparse-14,graph-routing,MonteCarlo,2,165028,1000,1000,72.70038367083407,0.05123050000020157
Routing-Sparse-14,graph-routing,MonteCarlo,3,165029,1000,1000,69.63711203532311,0.05401410000013129
Routing-Sparse-14,graph-routing,MonteCarlo,4,165030,1000,1000,67.6510593094676,0.052553399999851536
Routing-Sparse-14,graph-routing,MonteCarlo,5,165031,1000,1000,66.32278346638265,0.0565428999998403
Routing-Sparse-14,graph-routing,MonteCarlo,6,165032,1000,1000,67.4486626228913,0.05811519999951997
Routing-Sparse-14,graph-routing,MonteCarlo,7,165033,1000,1000,66.70262978993985,0.05282130000068719
Routing-Sparse-14,graph-routing,MonteCarlo,8,165034,1000,1000,66.05715830926091,0.05336009999973612
Routing-Sparse-14,graph-routing,MonteCarlo,9,165035,1000,1000,68.29686051846454,0.05295089999981428
Routing-Sparse-14,graph-routing,MonteCarlo,10,165036,1000,1000,71.25297378554374,0.05519840000033582
Routing-Sparse-14,graph-routing,MonteCarlo,11,165037,1000,1000,71.95189761466132,0.0565323000000717
Routing-Sparse-14,graph-routing,MonteCarlo,12,165038,1000,1000,71.34973159490274,0.0549858000003951
Routing-Sparse-14,graph-routing,MonteCarlo,13,165039,1000,1000,67.91563015542941,0.05531730000075186
Routing-Sparse-14,graph-routing,MonteCarlo,14,165040,1000,1000,67.13749672746061,0.0549444999996922
Routing-Sparse-14,graph-routing,MonteCarlo,15,165041,1000,1000,67.83420008835746,0.053517399999691406
Routing-Sparse-14,graph-routing,MonteCarlo,16,165042,1000,1000,61.707376362189166,0.05403110000042943
Routing-Sparse-14,graph-routing,MonteCarlo,17,165043,1000,1000,64.06278448586266,0.06360949999998411
Routing-Sparse-14,graph-routing,MonteCarlo,18,165044,1000,1000,68.91611686672273,0.05407999999988533
Routing-Sparse-14,graph-routing,MonteCarlo,19,165045,1000,1000,64.33340753638623,0.053071100000124716
Routing-Sparse-14,graph-routing,MonteCarlo,20,165046,1000,1000,67.57642047930612,0.054317200000696175
Routing-Sparse-14,graph-routing,MonteCarlo,21,165047,1000,1000,65.42921176875718,0.05119300000023941
Routing-Sparse-14,graph-routing,MonteCarlo,22,165048,1000,1000,67.8552287700497,0.05696869999974297
Routing-Sparse-14,graph-routing,MonteCarlo,23,165049,1000,1000,70.84851109347358,0.05275880000044708
Routing-Sparse-14,graph-routing,MonteCarlo,24,165050,1000,1000,66.48719197058526,0.05457490000026155
Routing-Sparse-14,graph-routing,MonteCarlo,25,165051,1000,1000,66.74002510532529,0.06021799999962241
Routing-Sparse-14,graph-routing,MonteCarlo,26,165052,1000,1000,70.1831339410329,0.05263280000053783
Routing-Sparse-14,graph-routing,MonteCarlo,27,165053,1000,1000,63.272838316554065,0.05339710000043851
Routing-Sparse-14,graph-routing,MonteCarlo,28,165054,1000,1000,69.58804686763366,0.0518792000002577
Routing-Sparse-14,graph-routing,MonteCarlo,29,165055,1000,1000,67.57954003127637,0.060047599999961676
Routing-Sparse-14,graph-routing,MonteCarlo,30,165056,1000,1000,65.05897895944304,0.05932720000055269
Routing-Dense-14,graph-routing,GA,1,172027,1000,1000,38.01500600863483,0.09807619999992312
Routing-Dense-14,graph-routing,GA,2,172028,1000,1000,38.007285102135604,0.10864159999982803
Routing-Dense-14,graph-routing,GA,3,172029,1000,1000,38.172340923652335,0.11093579999942449
Routing-Dense-14,graph-routing,GA,4,172030,1000,1000,38.11474123444489,0.10186179999982414
Routing-Dense-14,graph-routing,GA,5,172031,1000,1000,38.090764907933185,0.09839249999913591
Routing-Dense-14,graph-routing,GA,6,172032,1000,1000,37.996953776782625,0.10112570000001142
Routing-Dense-14,graph-routing,GA,7,172033,1000,1000,38.31514003826638,0.09772280000015598
Routing-Dense-14,graph-routing,GA,8,172034,1000,1000,38.10462777138371,0.09858520000034332
Routing-Dense-14,graph-routing,GA,9,172035,1000,1000,38.01882955967159,0.0898111999995308
Routing-Dense-14,graph-routing,GA,10,172036,1000,1000,38.033403961778106,0.10129669999969337
Routing-Dense-14,graph-routing,GA,11,172037,1000,1000,38.07760736382136,0.09235129999979108
Routing-Dense-14,graph-routing,GA,12,172038,1000,1000,37.989648175440955,0.0950079000003825
Routing-Dense-14,graph-routing,GA,13,172039,1000,1000,38.099341678116794,0.09411459999955696
Routing-Dense-14,graph-routing,GA,14,172040,1000,1000,38.10354431435888,0.0928102999996554
Routing-Dense-14,graph-routing,GA,15,172041,1000,1000,37.989377665564675,0.09111420000044745
Routing-Dense-14,graph-routing,GA,16,172042,1000,1000,38.00509630847618,0.10038299999996525
Routing-Dense-14,graph-routing,GA,17,172043,1000,1000,38.026554030994525,0.09623589999955584
Routing-Dense-14,graph-routing,GA,18,172044,1000,1000,38.07109443176608,0.10310970000045927
Routing-Dense-14,graph-routing,GA,19,172045,1000,1000,37.99760407595362,0.09677430000010645
Routing-Dense-14,graph-routing,GA,20,172046,1000,1000,38.032938148686135,0.1264112999997451
Routing-Dense-14,graph-routing,GA,21,172047,1000,1000,38.0139994714834,0.10880029999952967
Routing-Dense-14,graph-routing,GA,22,172048,1000,1000,38.0260393944097,0.09314280000035069
Routing-Dense-14,graph-routing,GA,23,172049,1000,1000,38.26071869343537,0.09193789999972068
Routing-Dense-14,graph-routing,GA,24,172050,1000,1000,37.98785249010236,0.10179800000059913
Routing-Dense-14,graph-routing,GA,25,172051,1000,1000,37.9950948836401,0.10731100000066363
Routing-Dense-14,graph-routing,GA,26,172052,1000,1000,38.05623566053423,0.10112140000001091
Routing-Dense-14,graph-routing,GA,27,172053,1000,1000,38.02816816835127,0.09568330000001879
Routing-Dense-14,graph-routing,GA,28,172054,1000,1000,38.05138172106996,0.09527800000068964
Routing-Dense-14,graph-routing,GA,29,172055,1000,1000,38.1285244025697,0.10415389999980107
Routing-Dense-14,graph-routing,GA,30,172056,1000,1000,37.99057931157154,0.10005459999956656
Routing-Dense-14,graph-routing,PSO,1,173027,1000,1000,38.85818267677809,0.05697680000048422
Routing-Dense-14,graph-routing,PSO,2,173028,1000,1000,38.200368707504644,0.05776569999943604
Routing-Dense-14,graph-routing,PSO,3,173029,1000,1000,38.055628246899374,0.05824410000059288
Routing-Dense-14,graph-routing,PSO,4,173030,1000,1000,38.00648467846165,0.05812729999979638
Routing-Dense-14,graph-routing,PSO,5,173031,1000,1000,38.02145124400059,0.05102179999994405
Routing-Dense-14,graph-routing,PSO,6,173032,1000,1000,39.02547961161151,0.049647900000309164
Routing-Dense-14,graph-routing,PSO,7,173033,1000,1000,38.97004972675037,0.05220480000025418
Routing-Dense-14,graph-routing,PSO,8,173034,1000,1000,38.20717097777302,0.0617365999996764
Routing-Dense-14,graph-routing,PSO,9,173035,1000,1000,37.99514192076514,0.05153680000057648
Routing-Dense-14,graph-routing,PSO,10,173036,1000,1000,37.996312684984105,0.050591399999575515
Routing-Dense-14,graph-routing,PSO,11,173037,1000,1000,37.986673821447894,0.05443540000032954
Routing-Dense-14,graph-routing,PSO,12,173038,1000,1000,38.25030092381372,0.14159879999988334
Routing-Dense-14,graph-routing,PSO,13,173039,1000,1000,38.85889949380124,0.10813019999932294
Routing-Dense-14,graph-routing,PSO,14,173040,1000,1000,38.903509386738705,0.14414159999978438
Routing-Dense-14,graph-routing,PSO,15,173041,1000,1000,37.990460665096904,0.06558440000026167
Routing-Dense-14,graph-routing,PSO,16,173042,1000,1000,38.12896344642642,0.052927599999748054
Routing-Dense-14,graph-routing,PSO,17,173043,1000,1000,37.99476751432646,0.049622200000158045
Routing-Dense-14,graph-routing,PSO,18,173044,1000,1000,38.01493601346477,0.05368650000036723
Routing-Dense-14,graph-routing,PSO,19,173045,1000,1000,37.9874483179534,0.05346559999998135
Routing-Dense-14,graph-routing,PSO,20,173046,1000,1000,38.090166365913376,0.05461349999950471
Routing-Dense-14,graph-routing,PSO,21,173047,1000,1000,38.042157222293625,0.0664982999996937
Routing-Dense-14,graph-routing,PSO,22,173048,1000,1000,38.21202918900512,0.051577000000179396
Routing-Dense-14,graph-routing,PSO,23,173049,1000,1000,38.04160758609706,0.051779399999759335
Routing-Dense-14,graph-routing,PSO,24,173050,1000,1000,38.183949273672944,0.05070449999948323
Routing-Dense-14,graph-routing,PSO,25,173051,1000,1000,45.844128931860354,0.05344119999972463
Routing-Dense-14,graph-routing,PSO,26,173052,1000,1000,45.849129756600284,0.053891599999587925
Routing-Dense-14,graph-routing,PSO,27,173053,1000,1000,38.017663975462845,0.05269930000031309
Routing-Dense-14,graph-routing,PSO,28,173054,1000,1000,37.98781141629999,0.05174689999967086
Routing-Dense-14,graph-routing,PSO,29,173055,1000,1000,38.86449132993252,0.05008590000034019
Routing-Dense-14,graph-routing,PSO,30,173056,1000,1000,37.985618018677165,0.0626561999997648
Routing-Dense-14,graph-routing,DE,1,174027,1000,1000,38.971518274452734,0.10338240000055521
Routing-Dense-14,graph-routing,DE,2,174028,1000,1000,38.91543057827417,0.1034681000001001
Routing-Dense-14,graph-routing,DE,3,174029,1000,1000,38.47205976183182,0.11056470000039553
Routing-Dense-14,graph-routing,DE,4,174030,1000,1000,38.80288420957671,0.10954099999980826
Routing-Dense-14,graph-routing,DE,5,174031,1000,1000,39.193771414092105,0.11437819999991916
Routing-Dense-14,graph-routing,DE,6,174032,1000,1000,39.2203808551214,0.104679699999906
Routing-Dense-14,graph-routing,DE,7,174033,1000,1000,38.877042702921145,0.10101089999989199
Routing-Dense-14,graph-routing,DE,8,174034,1000,1000,38.41499139726517,0.09375199999976758
Routing-Dense-14,graph-routing,DE,9,174035,1000,1000,38.66492143411278,0.10585899999932735
Routing-Dense-14,graph-routing,DE,10,174036,1000,1000,38.244421133965346,0.1450408000000607
Routing-Dense-14,graph-routing,DE,11,174037,1000,1000,38.44141030595844,0.11259750000044733
Routing-Dense-14,graph-routing,DE,12,174038,1000,1000,38.733145568900376,0.1051764000003459
Routing-Dense-14,graph-routing,DE,13,174039,1000,1000,38.15853908752962,0.10166089999984251
Routing-Dense-14,graph-routing,DE,14,174040,1000,1000,38.516705806570826,0.1098879000001034
Routing-Dense-14,graph-routing,DE,15,174041,1000,1000,38.20293909561942,0.11117430000012973
Routing-Dense-14,graph-routing,DE,16,174042,1000,1000,38.583819484611496,0.11916650000057416
Routing-Dense-14,graph-routing,DE,17,174043,1000,1000,39.46658480823361,0.08520889999999781
Routing-Dense-14,graph-routing,DE,18,174044,1000,1000,38.22226468927006,0.10268380000070465
Routing-Dense-14,graph-routing,DE,19,174045,1000,1000,38.26086291783202,0.10031970000000001
Routing-Dense-14,graph-routing,DE,20,174046,1000,1000,38.377715272184886,0.10300090000055206
Routing-Dense-14,graph-routing,DE,21,174047,1000,1000,38.74271058300611,0.09108319999995729
Routing-Dense-14,graph-routing,DE,22,174048,1000,1000,38.70096378546093,0.08877250000023196
Routing-Dense-14,graph-routing,DE,23,174049,1000,1000,38.062787113557654,0.0878936999997677
Routing-Dense-14,graph-routing,DE,24,174050,1000,1000,38.3926289271938,0.08300340000005235
Routing-Dense-14,graph-routing,DE,25,174051,1000,1000,39.22877297898724,0.14355280000017956
Routing-Dense-14,graph-routing,DE,26,174052,1000,1000,38.181079620224885,0.13420869999936258
Routing-Dense-14,graph-routing,DE,27,174053,1000,1000,38.345157935169205,0.09683089999998629
Routing-Dense-14,graph-routing,DE,28,174054,1000,1000,38.167963474634476,0.09756530000049679
Routing-Dense-14,graph-routing,DE,29,174055,1000,1000,38.14385556375142,0.10512769999968441
Routing-Dense-14,graph-routing,DE,30,174056,1000,1000,38.716014399120226,0.09412220000012894
Routing-Dense-14,graph-routing,MonteCarlo,1,175027,1000,1000,42.68882471336473,0.058545500000036554
Routing-Dense-14,graph-routing,MonteCarlo,2,175028,1000,1000,40.444113952201896,0.05997750000005908
Routing-Dense-14,graph-routing,MonteCarlo,3,175029,1000,1000,38.97254553705996,0.0656423000000359
Routing-Dense-14,graph-routing,MonteCarlo,4,175030,1000,1000,39.92467185313072,0.057905599999685364
Routing-Dense-14,graph-routing,MonteCarlo,5,175031,1000,1000,41.32978159092955,0.06321140000000014
Routing-Dense-14,graph-routing,MonteCarlo,6,175032,1000,1000,40.418089260247726,0.06012280000049941
Routing-Dense-14,graph-routing,MonteCarlo,7,175033,1000,1000,41.28110188787202,0.058967899999515794
Routing-Dense-14,graph-routing,MonteCarlo,8,175034,1000,1000,41.213793690722156,0.06223909999971511
Routing-Dense-14,graph-routing,MonteCarlo,9,175035,1000,1000,41.142564982077694,0.059675099999367376
Routing-Dense-14,graph-routing,MonteCarlo,10,175036,1000,1000,42.69335746347063,0.059500200000002224
Routing-Dense-14,graph-routing,MonteCarlo,11,175037,1000,1000,38.91022786456583,0.0592211999992287
Routing-Dense-14,graph-routing,MonteCarlo,12,175038,1000,1000,38.75865380429585,0.05808210000031977
Routing-Dense-14,graph-routing,MonteCarlo,13,175039,1000,1000,40.49331017267381,0.06263029999990977
Routing-Dense-14,graph-routing,MonteCarlo,14,175040,1000,1000,40.12094692314734,0.059240800000225136
Routing-Dense-14,graph-routing,MonteCarlo,15,175041,1000,1000,38.489273450631934,0.06418269999994664
Routing-Dense-14,graph-routing,MonteCarlo,16,175042,1000,1000,39.817746763815414,0.07215180000002874
Routing-Dense-14,graph-routing,MonteCarlo,17,175043,1000,1000,39.55623469137736,0.06122289999984787
Routing-Dense-14,graph-routing,MonteCarlo,18,175044,1000,1000,39.765176530337676,0.06214339999951335
Routing-Dense-14,graph-routing,MonteCarlo,19,175045,1000,1000,40.96486648965003,0.06779819999974279
Routing-Dense-14,graph-routing,MonteCarlo,20,175046,1000,1000,43.66880387987831,0.11566949999996723
Routing-Dense-14,graph-routing,MonteCarlo,21,175047,1000,1000,41.55926554326574,0.06965289999970992
Routing-Dense-14,graph-routing,MonteCarlo,22,175048,1000,1000,39.723551250271775,0.07638849999966624
Routing-Dense-14,graph-routing,MonteCarlo,23,175049,1000,1000,39.883649122381364,0.06235049999941111
Routing-Dense-14,graph-routing,MonteCarlo,24,175050,1000,1000,39.09901501431278,0.06386130000009871
Routing-Dense-14,graph-routing,MonteCarlo,25,175051,1000,1000,39.660181416957,0.06790620000083436
Routing-Dense-14,graph-routing,MonteCarlo,26,175052,1000,1000,39.90286528603835,0.06996390000040265
Routing-Dense-14,graph-routing,MonteCarlo,27,175053,1000,1000,41.98970109455462,0.0654101999998602
Routing-Dense-14,graph-routing,MonteCarlo,28,175054,1000,1000,42.88334613876674,0.06419920000007551
Routing-Dense-14,graph-routing,MonteCarlo,29,175055,1000,1000,40.7974806174936,0.06355399999938527
Routing-Dense-14,graph-routing,MonteCarlo,30,175056,1000,1000,43.39422863978016,0.06502399999953923
Routing-Sparse-22,graph-routing,GA,1,182027,1000,1000,138.42792951073355,0.0830947999993441
Routing-Sparse-22,graph-routing,GA,2,182028,1000,1000,138.41897045592194,0.08313120000002527
Routing-Sparse-22,graph-routing,GA,3,182029,1000,1000,138.442777202371,0.08666070000072068
Routing-Sparse-22,graph-routing,GA,4,182030,1000,1000,138.4169714614149,0.08390070000041305
Routing-Sparse-22,graph-routing,GA,5,182031,1000,1000,138.44278195450093,0.07911089999925025
Routing-Sparse-22,graph-routing,GA,6,182032,1000,1000,138.415465710868,0.08114380000006349
Routing-Sparse-22,graph-routing,GA,7,182033,1000,1000,138.42027311704697,0.07982420000007551
Routing-Sparse-22,graph-routing,GA,8,182034,1000,1000,138.42234723122374,0.08458400000017718
Routing-Sparse-22,graph-routing,GA,9,182035,1000,1000,138.42138832897695,0.09909400000015012
Routing-Sparse-22,graph-routing,GA,10,182036,1000,1000,138.41697923207943,0.09677499999997963
Routing-Sparse-22,graph-routing,GA,11,182037,1000,1000,138.4212650086127,0.09909530000004452
Routing-Sparse-22,graph-routing,GA,12,182038,1000,1000,138.42956206783927,0.09760699999969802
Routing-Sparse-22,graph-routing,GA,13,182039,1000,1000,138.42805481805064,0.09529309999925317
Routing-Sparse-22,graph-routing,GA,14,182040,1000,1000,138.43099483024616,0.09006909999970958
Routing-Sparse-22,graph-routing,GA,15,182041,1000,1000,138.42324439803912,0.08964910000031523
Routing-Sparse-22,graph-routing,GA,16,182042,1000,1000,138.4183185469349,0.09297890000016196
Routing-Sparse-22,graph-routing,GA,17,182043,1000,1000,138.4147075198933,0.09129450000000361
Routing-Sparse-22,graph-routing,GA,18,182044,1000,1000,138.42055993716718,0.0862368999996761
Routing-Sparse-22,graph-routing,GA,19,182045,1000,1000,138.42092322196964,0.08984330000021146
Routing-Sparse-22,graph-routing,GA,20,182046,1000,1000,138.4188794104395,0.08399409999947238
Routing-Sparse-22,graph-routing,GA,21,182047,1000,1000,138.42727721311564,0.08145109999986744
Routing-Sparse-22,graph-routing,GA,22,182048,1000,1000,138.41853011206808,0.08640250000007654
Routing-Sparse-22,graph-routing,GA,23,182049,1000,1000,138.4119611150644,0.08886579999943933
Routing-Sparse-22,graph-routing,GA,24,182050,1000,1000,138.41698990664443,0.0850205000006099
Routing-Sparse-22,graph-routing,GA,25,182051,1000,1000,138.43426348405796,0.09786410000015167
Routing-Sparse-22,graph-routing,GA,26,182052,1000,1000,138.44687539040325,0.08481380000011995
Routing-Sparse-22,graph-routing,GA,27,182053,1000,1000,138.4562265758494,0.09276389999922685
Routing-Sparse-22,graph-routing,GA,28,182054,1000,1000,138.43244283609394,0.20073520000005374
Routing-Sparse-22,graph-routing,GA,29,182055,1000,1000,140.93801902702978,0.15648569999939355
Routing-Sparse-22,graph-routing,GA,30,182056,1000,1000,138.42246345039632,0.11201260000052571
Routing-Sparse-22,graph-routing,PSO,1,183027,1000,1000,140.85616042825802,0.05818100000033155
Routing-Sparse-22,graph-routing,PSO,2,183028,1000,1000,138.55442788750148,0.05769640000016807
Routing-Sparse-22,graph-routing,PSO,3,183029,1000,1000,138.55447111506948,0.058693099999800324
Routing-Sparse-22,graph-routing,PSO,4,183030,1000,1000,138.42098584749448,0.05900149999979476
Routing-Sparse-22,graph-routing,PSO,5,183031,1000,1000,138.55489964895864,0.05333100000007107
Routing-Sparse-22,graph-routing,PSO,6,183032,1000,1000,138.42966516560597,0.0526134000001548
Routing-Sparse-22,graph-routing,PSO,7,183033,1000,1000,138.55473366961107,0.04524409999976342
Routing-Sparse-22,graph-routing,PSO,8,183034,1000,1000,138.43148114991473,0.0465039999999135
Routing-Sparse-22,graph-routing,PSO,9,183035,1000,1000,138.4222908246947,0.04345439999997325
Routing-Sparse-22,graph-routing,PSO,10,183036,1000,1000,138.5550302996476,0.044425500000215834
Routing-Sparse-22,graph-routing,PSO,11,183037,1000,1000,138.4415055864017,0.04492070000014792
Routing-Sparse-22,graph-routing,PSO,12,183038,1000,1000,138.55446863868156,0.06267190000016853
Routing-Sparse-22,graph-routing,PSO,13,183039,1000,1000,138.49500588732684,0.10322260000066308
Routing-Sparse-22,graph-routing,PSO,14,183040,1000,1000,140.87120435779778,0.0701349000000846
Routing-Sparse-22,graph-routing,PSO,15,183041,1000,1000,138.47254866882145,0.05459919999975682
Routing-Sparse-22,graph-routing,PSO,16,183042,1000,1000,138.44281729045676,0.050585299999511335
Routing-Sparse-22,graph-routing,PSO,17,183043,1000,1000,138.42755258643444,0.0520689000004495
Routing-Sparse-22,graph-routing,PSO,18,183044,1000,1000,138.55449346509928,0.05513280000013765
Routing-Sparse-22,graph-routing,PSO,19,183045,1000,1000,140.86256691985486,0.06410869999945135
Routing-Sparse-22,graph-routing,PSO,20,183046,1000,1000,138.41202855720317,0.062197700000069744
Routing-Sparse-22,graph-routing,PSO,21,183047,1000,1000,138.47493412596143,0.09190120000039315
Routing-Sparse-22,graph-routing,PSO,22,183048,1000,1000,138.58473612196101,0.07774489999974321
Routing-Sparse-22,graph-routing,PSO,23,183049,1000,1000,138.55488621390444,0.07740069999999832
Routing-Sparse-22,graph-routing,PSO,24,183050,1000,1000,138.5257256863724,0.06499729999995907
Routing-Sparse-22,graph-routing,PSO,25,183051,1000,1000,138.56057713673192,0.0619274000000587
Routing-Sparse-22,graph-routing,PSO,26,183052,1000,1000,138.55510056356803,0.0661921999999322
Routing-Sparse-22,graph-routing,PSO,27,183053,1000,1000,138.55505936916555,0.05486490000021149
Routing-Sparse-22,graph-routing,PSO,28,183054,1000,1000,138.51267555347818,0.05076199999984965
Routing-Sparse-22,graph-routing,PSO,29,183055,1000,1000,138.41221921894922,0.05362830000012764
Routing-Sparse-22,graph-routing,PSO,30,183056,1000,1000,138.54222334640278,0.07030070000018895
Routing-Sparse-22,graph-routing,DE,1,184027,1000,1000,138.41929305429275,0.10212659999979223
Routing-Sparse-22,graph-routing,DE,2,184028,1000,1000,138.43689241004367,0.10071680000055494
Routing-Sparse-22,graph-routing,DE,3,184029,1000,1000,138.55937686993326,0.11092699999971956
Routing-Sparse-22,graph-routing,DE,4,184030,1000,1000,138.9055452989251,0.08869109999977809
Routing-Sparse-22,graph-routing,DE,5,184031,1000,1000,138.5234857056961,0.09254440000040631
Routing-Sparse-22,graph-routing,DE,6,184032,1000,1000,138.4610710883487,0.09286160000010568
Routing-Sparse-22,graph-routing,DE,7,184033,1000,1000,138.71243904539247,0.08996449999995093
Routing-Sparse-22,graph-routing,DE,8,184034,1000,1000,138.43123368785274,0.15124289999948815
Routing-Sparse-22,graph-routing,DE,9,184035,1000,1000,138.41602286828729,0.20903090000047087
Routing-Sparse-22,graph-routing,DE,10,184036,1000,1000,138.5591708803227,0.14606879999973899
Routing-Sparse-22,graph-routing,DE,11,184037,1000,1000,142.5172419446214,0.11559080000006361
Routing-Sparse-22,graph-routing,DE,12,184038,1000,1000,138.68659569106865,0.09776529999999184
Routing-Sparse-22,graph-routing,DE,13,184039,1000,1000,138.53293436057572,0.1111510000000635
Routing-Sparse-22,graph-routing,DE,14,184040,1000,1000,138.4219174391224,0.11884890000055748
Routing-Sparse-22,graph-routing,DE,15,184041,1000,1000,138.63012811954334,0.11533299999973678
Routing-Sparse-22,graph-routing,DE,16,184042,1000,1000,138.46069859736252,0.10076420000041253
Routing-Sparse-22,graph-routing,DE,17,184043,1000,1000,138.4330810983514,0.12115410000023985
Routing-Sparse-22,graph-routing,DE,18,184044,1000,1000,138.4607312807334,0.09916830000020127
Routing-Sparse-22,graph-routing,DE,19,184045,1000,1000,138.485853600826,0.09458040000026813
Routing-Sparse-22,graph-routing,DE,20,184046,1000,1000,138.44735190352367,0.09180730000025505
Routing-Sparse-22,graph-routing,DE,21,184047,1000,1000,138.52444797124994,0.09401609999986249
Routing-Sparse-22,graph-routing,DE,22,184048,1000,1000,138.45490094206374,0.09562860000005458
Routing-Sparse-22,graph-routing,DE,23,184049,1000,1000,138.49906535142637,0.09514889999991283
Routing-Sparse-22,graph-routing,DE,24,184050,1000,1000,138.55716109606783,0.1128380999998626
Routing-Sparse-22,graph-routing,DE,25,184051,1000,1000,138.4413877862044,0.10818719999952009
Routing-Sparse-22,graph-routing,DE,26,184052,1000,1000,138.81596594626504,0.09528950000003533
Routing-Sparse-22,graph-routing,DE,27,184053,1000,1000,140.72187050454227,0.1047314000006736
Routing-Sparse-22,graph-routing,DE,28,184054,1000,1000,139.022128195646,0.09830019999935757
Routing-Sparse-22,graph-routing,DE,29,184055,1000,1000,138.44307222883148,0.09382730000015727
Routing-Sparse-22,graph-routing,DE,30,184056,1000,1000,138.4749311329305,0.10598740000023099
Routing-Sparse-22,graph-routing,MonteCarlo,1,185027,1000,1000,144.4489232097844,0.06535449999955745
Routing-Sparse-22,graph-routing,MonteCarlo,2,185028,1000,1000,144.91671577826693,0.06923559999995632
Routing-Sparse-22,graph-routing,MonteCarlo,3,185029,1000,1000,143.28173639587678,0.06690809999963676
Routing-Sparse-22,graph-routing,MonteCarlo,4,185030,1000,1000,142.29791346502577,0.06465639999987616
Routing-Sparse-22,graph-routing,MonteCarlo,5,185031,1000,1000,140.44350566655922,0.06330090000028576
Routing-Sparse-22,graph-routing,MonteCarlo,6,185032,1000,1000,144.97718087088444,0.06731279999985418
Routing-Sparse-22,graph-routing,MonteCarlo,7,185033,1000,1000,142.57680695909428,0.060039599999981874
Routing-Sparse-22,graph-routing,MonteCarlo,8,185034,1000,1000,145.2042401632613,0.06301969999913126
Routing-Sparse-22,graph-routing,MonteCarlo,9,185035,1000,1000,145.43346085234552,0.06493940000018483
Routing-Sparse-22,graph-routing,MonteCarlo,10,185036,1000,1000,142.18558951073118,0.06350959999963379
Routing-Sparse-22,graph-routing,MonteCarlo,11,185037,1000,1000,143.9030826198676,0.06442510000033508
Routing-Sparse-22,graph-routing,MonteCarlo,12,185038,1000,1000,143.4014741258622,0.06713089999993826
Routing-Sparse-22,graph-routing,MonteCarlo,13,185039,1000,1000,139.91892556155682,0.06066040000041539
Routing-Sparse-22,graph-routing,MonteCarlo,14,185040,1000,1000,142.66457561394355,0.06177819999993517
Routing-Sparse-22,graph-routing,MonteCarlo,15,185041,1000,1000,144.8967747273395,0.06783200000063516
Routing-Sparse-22,graph-routing,MonteCarlo,16,185042,1000,1000,142.0456471647796,0.07771659999980329
Routing-Sparse-22,graph-routing,MonteCarlo,17,185043,1000,1000,141.41952382528356,0.06465209999987565
Routing-Sparse-22,graph-routing,MonteCarlo,18,185044,1000,1000,144.5979968592159,0.08570980000058626
Routing-Sparse-22,graph-routing,MonteCarlo,19,185045,1000,1000,143.10150813950895,0.06979610000053071
Routing-Sparse-22,graph-routing,MonteCarlo,20,185046,1000,1000,145.19303810164104,0.06490389999999024
Routing-Sparse-22,graph-routing,MonteCarlo,21,185047,1000,1000,146.1082518731252,0.06435609999971348
Routing-Sparse-22,graph-routing,MonteCarlo,22,185048,1000,1000,143.77656974278904,0.06174220000048081
Routing-Sparse-22,graph-routing,MonteCarlo,23,185049,1000,1000,143.51742704112405,0.06588520000059361
Routing-Sparse-22,graph-routing,MonteCarlo,24,185050,1000,1000,145.9857926100253,0.07268380000004981
Routing-Sparse-22,graph-routing,MonteCarlo,25,185051,1000,1000,142.7318268777322,0.06538329999966663
Routing-Sparse-22,graph-routing,MonteCarlo,26,185052,1000,1000,142.89887190618742,0.06166919999941456
Routing-Sparse-22,graph-routing,MonteCarlo,27,185053,1000,1000,143.2031408270693,0.059056000000055064
Routing-Sparse-22,graph-routing,MonteCarlo,28,185054,1000,1000,145.02321755600246,0.06177690000004077
Routing-Sparse-22,graph-routing,MonteCarlo,29,185055,1000,1000,142.82463028545988,0.061729099999865866
Routing-Sparse-22,graph-routing,MonteCarlo,30,185056,1000,1000,144.67394750466707,0.06547099999988859
Routing-Dense-22,graph-routing,GA,1,192027,1000,1000,40.80206512423574,0.10383050000018557
Routing-Dense-22,graph-routing,GA,2,192028,1000,1000,40.791218812415394,0.1017812000000049
Routing-Dense-22,graph-routing,GA,3,192029,1000,1000,40.83918895526796,0.10448059999998804
Routing-Dense-22,graph-routing,GA,4,192030,1000,1000,40.81356940263208,0.09946649999983492
Routing-Dense-22,graph-routing,GA,5,192031,1000,1000,40.946013842970906,0.10183280000001105
Routing-Dense-22,graph-routing,GA,6,192032,1000,1000,41.54369980017127,0.09874219999983325
Routing-Dense-22,graph-routing,GA,7,192033,1000,1000,40.90701495547812,0.09940290000031382
Routing-Dense-22,graph-routing,GA,8,192034,1000,1000,40.83635476330747,0.10092990000066493
Routing-Dense-22,graph-routing,GA,9,192035,1000,1000,40.79792244702105,0.09811549999994895
Routing-Dense-22,graph-routing,GA,10,192036,1000,1000,40.87466738677028,0.10912809999990714
Routing-Dense-22,graph-routing,GA,11,192037,1000,1000,40.79347635844278,0.10060510000039358
Routing-Dense-22,graph-routing,GA,12,192038,1000,1000,40.80621839458964,0.09998349999932543
Routing-Dense-22,graph-routing,GA,13,192039,1000,1000,40.888317671100715,0.09811850000005506
Routing-Dense-22,graph-routing,GA,14,192040,1000,1000,40.85065633045768,0.09961350000048697
Routing-Dense-22,graph-routing,GA,15,192041,1000,1000,41.04813926094093,0.10090560000026016
Routing-Dense-22,graph-routing,GA,16,192042,1000,1000,40.77923412277356,0.10192900000038208
Routing-Dense-22,graph-routing,GA,17,192043,1000,1000,40.8086518121409,0.09871369999927992
Routing-Dense-22,graph-routing,GA,18,192044,1000,1000,41.126516334389585,0.10098350000043865
Routing-Dense-22,graph-routing,GA,19,192045,1000,1000,40.826392158263836,0.10283280000021477
Routing-Dense-22,graph-routing,GA,20,192046,1000,1000,40.84606710854533,0.1012698000004093
Routing-Dense-22,graph-routing,GA,21,192047,1000,1000,40.91527250478027,0.09663720000025933
Routing-Dense-22,graph-routing,GA,22,192048,1000,1000,41.0484970455464,0.10033260000000155
Routing-Dense-22,graph-routing,GA,23,192049,1000,1000,41.00006481931319,0.10189290000016626
Routing-Dense-22,graph-routing,GA,24,192050,1000,1000,40.79233828746469,0.09978479999972478
Routing-Dense-22,graph-routing,GA,25,192051,1000,1000,40.79295316902509,0.10149149999961082
Routing-Dense-22,graph-routing,GA,26,192052,1000,1000,40.81835079230353,0.09587660000033793
Routing-Dense-22,graph-routing,GA,27,192053,1000,1000,40.816327191060424,0.09730109999964043
Routing-Dense-22,graph-routing,GA,28,192054,1000,1000,40.90440305851949,0.11907549999978073
Routing-Dense-22,graph-routing,GA,29,192055,1000,1000,40.962782563317916,0.14265140000043175
Routing-Dense-22,graph-routing,GA,30,192056,1000,1000,40.81434708411859,0.11648069999955624
Routing-Dense-22,graph-routing,PSO,1,193027,1000,1000,41.03225564206244,0.06567670000004
Routing-Dense-22,graph-routing,PSO,2,193028,1000,1000,41.11387938924318,0.07111940000049799
Routing-Dense-22,graph-routing,PSO,3,193029,1000,1000,40.92691191951857,0.0717757000002166
Routing-Dense-22,graph-routing,PSO,4,193030,1000,1000,42.21538755547746,0.06767310000032012
Routing-Dense-22,graph-routing,PSO,5,193031,1000,1000,41.74522349487986,0.06543839999994816
Routing-Dense-22,graph-routing,PSO,6,193032,1000,1000,40.85336119511395,0.06263350000062928
Routing-Dense-22,graph-routing,PSO,7,193033,1000,1000,40.85419237110171,0.06011930000022403
Routing-Dense-22,graph-routing,PSO,8,193034,1000,1000,41.771955093924944,0.06147569999939151
Routing-Dense-22,graph-routing,PSO,9,193035,1000,1000,40.8381730264433,0.05926319999980478
Routing-Dense-22,graph-routing,PSO,10,193036,1000,1000,40.85161579066915,0.06088690000069619
Routing-Dense-22,graph-routing,PSO,11,193037,1000,1000,41.081348120286926,0.05970309999975143
Routing-Dense-22,graph-routing,PSO,12,193038,1000,1000,40.85142337373026,0.06315600000016275
Routing-Dense-22,graph-routing,PSO,13,193039,1000,1000,40.82221360130524,0.06734849999975268
Routing-Dense-22,graph-routing,PSO,14,193040,1000,1000,41.74521092876903,0.06434399999943707
Routing-Dense-22,graph-routing,PSO,15,193041,1000,1000,41.11188219224703,0.06455040000037116
Routing-Dense-22,graph-routing,PSO,16,193042,1000,1000,41.09068566232071,0.06412030000046798
Routing-Dense-22,graph-routing,PSO,17,193043,1000,1000,40.851567449812066,0.062446599999930186
Routing-Dense-22,graph-routing,PSO,18,193044,1000,1000,41.30565079774616,0.08223809999981313
Routing-Dense-22,graph-routing,PSO,19,193045,1000,1000,40.81407863438614,0.14499249999971653
Routing-Dense-22,graph-routing,PSO,20,193046,1000,1000,40.870834836746305,0.09847609999997076
Routing-Dense-22,graph-routing,PSO,21,193047,1000,1000,40.868160746123635,0.0691780999995899
Routing-Dense-22,graph-routing,PSO,22,193048,1000,1000,41.11408731202667,0.07116769999993267
Routing-Dense-22,graph-routing,PSO,23,193049,1000,1000,41.07734100341374,0.0698608000002423
Routing-Dense-22,graph-routing,PSO,24,193050,1000,1000,40.85217400590359,0.056504299999687646
Routing-Dense-22,graph-routing,PSO,25,193051,1000,1000,44.738940314339075,0.06151580000005197
Routing-Dense-22,graph-routing,PSO,26,193052,1000,1000,42.49897696331993,0.05706110000028275
Routing-Dense-22,graph-routing,PSO,27,193053,1000,1000,41.11400971686226,0.05719609999960085
Routing-Dense-22,graph-routing,PSO,28,193054,1000,1000,40.96174825711009,0.05916629999956058
Routing-Dense-22,graph-routing,PSO,29,193055,1000,1000,40.7944920954735,0.05923609999990731
Routing-Dense-22,graph-routing,PSO,30,193056,1000,1000,40.85214036575028,0.0662558000003628
Routing-Dense-22,graph-routing,DE,1,194027,1000,1000,40.82442625852056,0.11142569999992702
Routing-Dense-22,graph-routing,DE,2,194028,1000,1000,41.01993701189211,0.11260959999981424
Routing-Dense-22,graph-routing,DE,3,194029,1000,1000,40.92484301855303,0.11985189999995782
Routing-Dense-22,graph-routing,DE,4,194030,1000,1000,40.846320622302095,0.10913970000001427
Routing-Dense-22,graph-routing,DE,5,194031,1000,1000,40.98181245043424,0.1165937000005215
Routing-Dense-22,graph-routing,DE,6,194032,1000,1000,40.91484015873232,0.10359590000007302
Routing-Dense-22,graph-routing,DE,7,194033,1000,1000,40.91421722847829,0.09266980000029434
Routing-Dense-22,graph-routing,DE,8,194034,1000,1000,41.059339206059086,0.12212950000048295
Routing-Dense-22,graph-routing,DE,9,194035,1000,1000,40.831904148347625,0.10270510000009381
Routing-Dense-22,graph-routing,DE,10,194036,1000,1000,41.287903048092296,0.10204890000022715
Routing-Dense-22,graph-routing,DE,11,194037,1000,1000,42.498980809497496,0.113845300000321
Routing-Dense-22,graph-routing,DE,12,194038,1000,1000,41.045007754084196,0.09928539999964414
Routing-Dense-22,graph-routing,DE,13,194039,1000,1000,40.89718750959925,0.11596349999945232
Routing-Dense-22,graph-routing,DE,14,194040,1000,1000,40.979406374634635,0.10519060000024183
Routing-Dense-22,graph-routing,DE,15,194041,1000,1000,41.21343306891419,0.1009873000002699
Routing-Dense-22,graph-routing,DE,16,194042,1000,1000,40.91415250742662,0.10336579999966489
Routing-Dense-22,graph-routing,DE,17,194043,1000,1000,40.91715839757239,0.10612969999965571
Routing-Dense-22,graph-routing,DE,18,194044,1000,1000,40.854831464499874,0.09987300000011601
Routing-Dense-22,graph-routing,DE,19,194045,1000,1000,40.826386236553724,0.10441439999976865
Routing-Dense-22,graph-routing,DE,20,194046,1000,1000,41.133009185072844,0.10515190000023722
Routing-Dense-22,graph-routing,DE,21,194047,1000,1000,41.25553029773188,0.10681919999933598
Routing-Dense-22,graph-routing,DE,22,194048,1000,1000,40.976524827497876,0.10348040000008041
Routing-Dense-22,graph-routing,DE,23,194049,1000,1000,40.910201429250264,0.1054191000002902
Routing-Dense-22,graph-routing,DE,24,194050,1000,1000,41.06985912010258,0.09572519999983342
Routing-Dense-22,graph-routing,DE,25,194051,1000,1000,41.04213451228656,0.10380799999984447
Routing-Dense-22,graph-routing,DE,26,194052,1000,1000,41.26731922213646,0.1063083999997616
Routing-Dense-22,graph-routing,DE,27,194053,1000,1000,40.8119625547603,0.09940030000052502
Routing-Dense-22,graph-routing,DE,28,194054,1000,1000,40.89256145974859,0.10163490000013553
Routing-Dense-22,graph-routing,DE,29,194055,1000,1000,40.98353862416419,0.10273460000007617
Routing-Dense-22,graph-routing,DE,30,194056,1000,1000,40.90716444059323,0.10766809999950055
Routing-Dense-22,graph-routing,MonteCarlo,1,195027,1000,1000,43.532328455619954,0.07447020000017801
Routing-Dense-22,graph-routing,MonteCarlo,2,195028,1000,1000,43.38698211945031,0.07554609999988315
Routing-Dense-22,graph-routing,MonteCarlo,3,195029,1000,1000,43.10628071038794,0.07030930000018998
Routing-Dense-22,graph-routing,MonteCarlo,4,195030,1000,1000,41.55693955035666,0.07205450000037672
Routing-Dense-22,graph-routing,MonteCarlo,5,195031,1000,1000,41.71553068058389,0.07676319999973202
Routing-Dense-22,graph-routing,MonteCarlo,6,195032,1000,1000,44.21712302554712,0.08186680000017077
Routing-Dense-22,graph-routing,MonteCarlo,7,195033,1000,1000,43.290203783981596,0.06762479999997595
Routing-Dense-22,graph-routing,MonteCarlo,8,195034,1000,1000,42.45397756079683,0.06812069999978121
Routing-Dense-22,graph-routing,MonteCarlo,9,195035,1000,1000,42.96822219690016,0.06922469999972236
Routing-Dense-22,graph-routing,MonteCarlo,10,195036,1000,1000,48.97471039545005,0.06989530000009836
Routing-Dense-22,graph-routing,MonteCarlo,11,195037,1000,1000,44.36541498831316,0.07016399999974965
Routing-Dense-22,graph-routing,MonteCarlo,12,195038,1000,1000,46.802903075777664,0.06653900000037538
Routing-Dense-22,graph-routing,MonteCarlo,13,195039,1000,1000,45.386569310103376,0.07759159999932308
Routing-Dense-22,graph-routing,MonteCarlo,14,195040,1000,1000,42.32980271901527,0.08128099999976257
Routing-Dense-22,graph-routing,MonteCarlo,15,195041,1000,1000,46.30366095743385,0.08329189999949449
Routing-Dense-22,graph-routing,MonteCarlo,16,195042,1000,1000,47.45562532447238,0.08184299999993527
Routing-Dense-22,graph-routing,MonteCarlo,17,195043,1000,1000,54.77047726782857,0.08188860000063869
Routing-Dense-22,graph-routing,MonteCarlo,18,195044,1000,1000,41.71213032923263,0.0890839000003325
Routing-Dense-22,graph-routing,MonteCarlo,19,195045,1000,1000,42.65566859160491,0.0854256999991776
Routing-Dense-22,graph-routing,MonteCarlo,20,195046,1000,1000,43.32000171835712,0.06242649999967398
Routing-Dense-22,graph-routing,MonteCarlo,21,195047,1000,1000,42.421159190042786,0.06469859999924665
Routing-Dense-22,graph-routing,MonteCarlo,22,195048,1000,1000,48.502604824947234,0.0819696999997177
Routing-Dense-22,graph-routing,MonteCarlo,23,195049,1000,1000,45.70149157442673,0.08010259999991831
Routing-Dense-22,graph-routing,MonteCarlo,24,195050,1000,1000,48.68424774538905,0.07165310000073077
Routing-Dense-22,graph-routing,MonteCarlo,25,195051,1000,1000,42.88927031754198,0.07240250000086235
Routing-Dense-22,graph-routing,MonteCarlo,26,195052,1000,1000,44.503415812130804,0.0742233999999371
Routing-Dense-22,graph-routing,MonteCarlo,27,195053,1000,1000,41.48567921287649,0.10424680000051012
Routing-Dense-22,graph-routing,MonteCarlo,28,195054,1000,1000,43.189744146580416,0.14437730000008742
Routing-Dense-22,graph-routing,MonteCarlo,29,195055,1000,1000,43.643081424506605,0.12434880000000703
Routing-Dense-22,graph-routing,MonteCarlo,30,195056,1000,1000,43.9630312806221,0.12017229999946721
